X,Y,Vendor,Address,Annual_Sales,Zip,Region
-117.93034,33.61683,Excelsior,"Newport Beach, CA",368791,0,
-122.273019,37.805064,Dave'n'Judie's Fitness,"Oakland, CA",105585,0,Central
-121.491008,38.579063,Dave'n'Judie's Fitness,"Sacramento, CA",105585,0,North
-118.551868,34.413441,Excelsior,"Santa Clarita, CA",105585,0,South
-120.457879,34.6398,Excelsior,"Lompoc, CA",105585,0,South
-122.01401,37.271054,Excelsior,"Saratoga, CA",105585,0,Central
-120.999588,37.638304,Excelsior,"Modesto, CA",105585,0,Central
-118.97978,37.64868,Excelsior,"Mammoth Lakes, CA",105585,0,Central
-120.2259,39.200032,Excelsior,"Olympic Valley, CA",105585,0,North
-118.533881,34.234771,Excelsior,"Northridge, CA",136278,0,South
-117.758058,33.996092,Excelsior,"Chino Hills, CA",368791,0,South
-121.246029,38.626642,Excelsior,"Gold River, CA",428711,0,North
-117.161719,32.715691,Excelsior,"San Diego, CA",534233,0,South
-117.161719,32.715691,Excelsior,"San Diego, CA",534233,0,South
-117.084279,32.6409,Quasar,"Chula Vista, CA",534233,0,South
-118.332261,34.003849,Excelsior,"4371 Crenshaw Blvd, Los Angeles, CA, 90008",105585,90008,South
-118.30621,34.061693,Excelsior,"3680 Wilshire Blvd, Los Angeles, CA, 90010",105585,90010,South
-118.239167,34.048619,Excelsior,"138 S Central Ave, Los Angeles, CA, 90012",105585,90012,South
-118.242896,34.050822,Excelsior,"120 S Los Angeles St, Los Angeles, CA, 90012",105585,90012,South
-118.245447,34.055632,Excelsior,"217 N Hill St, Los Angeles, CA, 90012",105585,90012,South
-118.29082,33.739663,Dave'n'Judie's Fitness,"555 W 5th St, Los Angeles, CA, 90013",105585,90013,South
-118.290224,33.733911,Excelsior,"1111 S Grand Ave, Los Angeles, CA, 90015",105585,90015,South
-118.253131,34.039839,Excelsior,"300 E 9th St, Los Angeles, CA, 90015",105585,90015,South
-118.335037,34.019108,Excelsior,"3722 Crenshaw Blvd, Los Angeles, CA, 90016",105585,90016,South
-118.26041,34.048907,Excelsior,"735 S Figueroa St, Los Angeles, CA, 90017",105585,90017,South
-118.270166,34.055438,Excelsior,"1601 Wilshire Blvd, Los Angeles, CA, 90017",105585,90017,South
-118.29078,34.069108,Excelsior,"3461 W 3rd St, Los Angeles, CA, 90020",105585,90020,South
-118.444762,34.059556,Excelsior,"1161 Westwood Blvd, Los Angeles, CA, 90024",105585,90024,South
-118.26485,34.077373,Excelsior,"2134 W Sunset Blvd, Los Angeles, CA, 90026",105585,90026,South
-118.308675,34.101807,Excelsior,"5453 Hollywood Blvd, Los Angeles, CA, 90027",105585,90027,South
-118.291737,34.102021,Excelsior,"1700 N Vermont Ave, Los Angeles, CA, 90027",105585,90027,South
-118.287981,34.098123,Excelsior,"4520 W Sunset Blvd, Los Angeles, CA, 90027",105686,90027,South
-118.42766,34.026203,Excelsior,"3118 S Sepulveda Blvd, Los Angeles, CA, 90034",105585,90034,South
-118.391064,34.027946,Excelsior,"8985 Venice Blvd, Los Angeles, CA, 90034",105585,90034,South
-118.400567,34.03132,Excelsior,"9824 National Blvd, Los Angeles, CA, 90034",105585,90034,South
-118.344681,34.076143,Dave'n'Judie's Fitness,"7122 Beverly Blvd, Los Angeles, CA, 90036",105585,90036,South
-118.339011,34.062093,Excelsior,"5020 Wilshire Blvd, Los Angeles, CA, 90036",105585,90036,South
-118.34533,34.062269,Excelsior,"5353 Wilshire Blvd, Los Angeles, CA, 90036",105585,90036,South
-118.291683,34.010926,Excelsior,"1005 W Martin Luther King Jr Blvd, Los Angeles, CA, 90037",105585,90037,South
-118.326653,34.08432,Excelsior,"727 N Vine St, Los Angeles, CA, 90038",105585,90038,South
-118.262836,34.116467,Excelsior,"3111 Glendale Blvd, Los Angeles, CA, 90039",105686,90039,South
-118.14796,33.996284,Dave'n'Judie's Fitness,"6100 E Washington Blvd, Los Angeles, CA, 90040",105585,90040,South
-118.167702,34.003077,Excelsior,"5201 E Washington Blvd, Commerce, CA, 90040",105585,90040,South
-118.124641,33.975979,Excelsior,"7724 Telegraph Rd, Los Angeles, CA, 90040",146896,90040,South
-118.188271,34.136332,Excelsior,"7311 N Figueroa St, Los Angeles, CA, 90041",105585,90041,South
-118.214814,34.139185,Excelsior,"2218 Colorado Blvd, Los Angeles, CA, 90041",105585,90041,South
-118.402252,33.945158,Excelsior,"201 World Way, Los Angeles, CA, 90045",105585,90045,South
-118.390781,33.945607,Excelsior,"6101 W Century Blvd, Los Angeles, CA, 90045",105585,90045,South
-118.396263,33.956751,Excelsior,"8817 S Sepulveda Blvd, Los Angeles, CA, 90045",105585,90045,South
-118.344097,34.090649,Excelsior,"7100 Santa Monica Blvd, Los Angeles, CA, 90046",105585,90046,South
-118.361495,34.090896,Excelsior,"7901 Santa Monica Blvd, West Hollywood, CA, 90046",105585,90046,South
-118.301571,33.982378,Excelsior,"1437 W Gage Ave, Los Angeles, CA, 90047",105585,90047,South
-118.31161,33.989074,Excelsior,"1850 W Slauson Ave, Los Angeles, CA, 90047",105585,90047,South
-118.38366,34.07683,Excelsior,"164 N Robertson Blvd, West Hollywood, CA, 90048",50000,90048,South
-118.376817,34.076528,Excelsior,"8500 Beverly Pl, Los Angeles, CA, 90048",105585,90048,South
-118.238952,33.925811,Excelsior,"11810 Wilmington Ave, Los Angeles, CA, 90059",105585,90059,South
-118.429882,34.039516,Excelsior,"10911 W Pico Blvd, Los Angeles, CA, 90064",105585,90064,South
-118.394077,34.089392,Excelsior,"W Sunset Blvd, West Hollywood, CA, 90069",105585,90069,South
-118.372116,34.095525,Excelsior,"8363 W Sunset Blvd, West Hollywood, CA, 90069",105585,90069,South
-118.37958,34.101471,Excelsior,"Hollywood Blvd, West Hollywood, CA, 90069",105585,90069,South
-118.255587,34.052071,Dave'n'Judie's Fitness,"444 S Flower St, Los Angeles, CA, 90071",105585,90071,South
-118.252792,34.053262,Dave'n'Judie's Fitness,"333 S Hope St, Los Angeles, CA, 90071",105585,90071,South
-118.252379,34.053609,Dave'n'Judie's Fitness,"330 S Hope St, Los Angeles, CA, 90071",105585,90071,South
-118.257052,34.052401,Excelsior,"445 S Figueroa St, Los Angeles, CA, 90071",105585,90071,South
-118.444533,34.127646,Dave'n'Judie's Fitness,"2952 N Beverly Glen Cir, Los Angeles, CA, 90077",105585,90077,South
-118.188222,33.970526,Excelsior,"7121 Atlantic Ave, Bell, CA, 90201",105585,90201,South
-118.399368,34.067302,Excelsior,"202 N Beverly Dr, Beverly Hills, CA, 90210",105585,90210,South
-118.376242,34.063693,Excelsior,"257 S LA Cienega Blvd, Beverly Hills, CA, 90211",105585,90211,South
-118.247806,33.873898,Excelsior,"1929 W Artesia Blvd, Compton, CA, 90220",105585,90220,South
-118.222401,33.895953,Excelsior,"162 E Compton Blvd, Compton, CA, 90220",105585,90220,South
-118.395315,33.997019,Excelsior,"11030 Jefferson Blvd, Culver City, CA, 90230",105585,90230,South
-118.40567,34.016723,Excelsior,"10705 W Washington Blvd, Culver City, CA, 90232",105585,90232,South
-118.110328,33.960775,Excelsior,"8801 Lakewood Blvd, Downey, CA, 90240",146896,90240,South
-118.129719,33.92773,Excelsior,"12016 Lakewood Blvd, Downey, CA, 90241",146896,90241,South
-118.123569,33.935476,Excelsior,"9001 Firestone Blvd, Downey, CA, 90241",146896,90241,South
-118.413011,33.919393,Excelsior,"310 E Grand Ave, El Segundo, CA, 90245",105585,90245,South
-118.298202,33.892025,Excelsior,"1260 W Redondo Beach Blvd, Gardena, CA, 90247",105585,90247,South
-118.307779,33.873005,Excelsior,"1735 W Artesia Blvd, Gardena, CA, 90248",105585,90248,South
-118.30826,33.873005,Excelsior,"1759 W Artesia Blvd, Gardena, CA, 90248",105585,90248,South
-118.374067,33.901699,Excelsior,"5378 W Rosecrans Ave, Hawthorne, CA, 90250",105585,90250,South
-118.366831,33.901724,Excelsior,"5030 W Rosecrans Ave, Hawthorne, CA, 90250",105585,90250,South
-118.325671,33.923758,Excelsior,"2909 W 120th St, Hawthorne, CA, 90250",105585,90250,South
-118.400356,33.863016,Excelsior,"1303 Hermosa Ave, Hermosa Beach, CA, 90254",105585,90254,South
-118.183421,33.931302,Excelsior,"10925 Atlantic Ave, Lynwood, CA, 90262",105585,90262,South
-118.410076,33.885034,Excelsior,"233 Manhattan Beach Blvd, Manhattan Beach, CA, 90266",105585,90266,South
-118.374464,33.772614,Excelsior,"550 Deep Valley Dr, Rolling Hills Estates, CA, 90274",50000,90274,South
-118.385812,33.815882,Excelsior,"245 Palos Verdes Blvd, Redondo Beach, CA, 90277",105585,90277,South
-118.356353,33.868896,Excelsior,"1601 Kingsdale Ave, Redondo Beach, CA, 90278",105585,90278,South
-118.352743,33.87126,Excelsior,"1815 Hawthorne Blvd, Redondo Beach, CA, 90278",105585,90278,South
-118.439603,33.979214,Excelsior,"4724 Admiralty Way, Marina Del Rey, CA, 90292",105585,90292,South
-118.465406,33.979836,Excelsior,"100 Washington Blvd, Marina Del Rey, CA, 90292",105585,90292,South
-118.446493,33.991156,Excelsior,"13431 Washington Blvd, Marina Del Rey, CA, 90292",105585,90292,South
-118.357696,33.975837,Excelsior,"941 N LA Brea Ave, Inglewood, CA, 90302",105585,90302,South
-118.499152,34.018374,Excelsior,"308 Wilshire Blvd, Santa Monica, CA, 90401",105585,90401,South
-118.501848,34.026876,Dave'n'Judie's Fitness,"701 Montana Ave, Santa Monica, CA, 90403",105585,90403,South
-118.494482,34.032728,Dave'n'Judie's Fitness,"1426 Montana Ave, Santa Monica, CA, 90403",105585,90403,South
-118.499298,34.018333,Excelsior,"3rd St, Santa Monica, CA, 90403",105585,90403,South
-118.489379,34.02646,Excelsior,"1311 Wilshire Blvd, Santa Monica, CA, 90403",105585,90403,South
-118.500152,34.028148,Excelsior,"820 Montana Ave, Santa Monica, CA, 90403",105585,90403,South
-118.477749,34.035833,Excelsior,"2525 Wilshire Blvd, Santa Monica, CA, 90403",105585,90403,South
-118.474933,34.027525,Excelsior,"2200 Colorado Ave, Santa Monica, CA, 90404",105585,90404,South
-118.475707,34.032257,Excelsior,"2461 Santa Monica Blvd, Santa Monica, CA, 90404",105585,90404,South
-118.471877,34.003617,Excelsior,"3020 Lincoln Blvd, Santa Monica, CA, 90405",105585,90405,South
-118.454665,34.019625,Excelsior,"2901 Ocean Park Blvd, Santa Monica, CA, 90405",105585,90405,South
-118.328458,33.822951,Excelsior,"2370 Crenshaw Blvd, Torrance, CA, 90501",50000,90501,South
-118.303041,33.858343,Excelsior,"1450 W 190th St, Torrance, CA, 90501",105585,90501,South
-118.296398,33.83162,Excelsior,"1171 W Carson St, Torrance, CA, 90502",50000,90502,South
-118.353864,33.838439,Excelsior,"21035 Hawthorne Blvd, Torrance, CA, 90503",105585,90503,South
-118.352338,33.87252,Excelsior,"17400 Hawthorne Blvd, Torrance, CA, 90504",50000,90504,South
-118.34294,33.872918,Excelsior,"3931 Artesia Blvd, Torrance, CA, 90504",50000,90504,South
-118.330465,33.793786,Excelsior,"25348 Crenshaw Blvd, Torrance, CA, 90505",50000,90505,South
-118.359308,33.826207,Excelsior,"4437 Sepulveda Blvd, Torrance, CA, 90505",50000,90505,South
-118.037311,33.979867,Excelsior,"6756 Greenleaf Ave, Whittier, CA, 90601",146896,90601,South
-118.055552,33.998647,Excelsior,"5403 Norwalk Blvd, Whittier, CA, 90601",146896,90601,South
-117.995544,33.944275,Excelsior,"15614 Whittwood Ln, Whittier, CA, 90603",368791,90603,South
-118.030618,33.961749,Excelsior,"13520 Whittier Blvd, Whittier, CA, 90605",146896,90605,South
-118.048725,33.967214,Excelsior,"12376 Washington Blvd, Whittier, CA, 90606",146896,90606,South
-118.029761,33.831828,Excelsior,"5897 Lincoln Ave, Buena Park, CA, 90620",146896,90620,South
-117.989501,33.846818,Excelsior,"8231 LA Palma Ave, Buena Park, CA, 90620",368791,90620,South
-118.028378,33.816629,Excelsior,"10031 Valley View St, Cypress, CA, 90630",146896,90630,South
-118.01424,33.804002,Excelsior,"10953 Meridian Dr, Cypress, CA, 90630",368791,90630,South
-117.961993,33.917435,Excelsior,"1331 W Imperial Hwy, LA Habra, CA, 90631",368791,90631,South
-117.933108,33.918576,Excelsior,"1137 S Harbor Blvd, Fullerton, CA, 90631",368791,90631,South
-117.93259,33.931908,Excelsior,"1201 E LA Habra Blvd, LA Habra, CA, 90631",368791,90631,South
-118.028767,33.880561,Excelsior,"16610 Valley View Ave, LA Mirada, CA, 90638",146896,90638,South
-118.012579,33.917067,Excelsior,"14946 Imperial Hwy, LA Mirada, CA, 90638",146896,90638,South
-118.007123,33.898584,Excelsior,"15200 Rosecrans Ave, LA Mirada, CA, 90638",368791,90638,South
-118.006741,33.898616,Excelsior,"15220 Rosecrans Ave, LA Mirada, CA, 90638",368791,90638,South
-118.106565,34.017338,Excelsior,"800 W Beverly Blvd, Montebello, CA, 90640",146896,90640,South
-118.083488,33.902306,Excelsior,"11739 Rosecrans Ave, Norwalk, CA, 90650",146896,90650,South
-118.082057,33.912728,Excelsior,"11790 Firestone Blvd, Norwalk, CA, 90650",146896,90650,South
-118.103235,33.92408,Excelsior,"10716 Firestone Blvd, Norwalk, CA, 90650",146896,90650,South
-118.099624,33.984475,Excelsior,"8754 Washington Blvd, Pico Rivera, CA, 90660",146896,90660,South
-118.087498,34.002767,Excelsior,"8646 Whittier Blvd, Pico Rivera, CA, 90660",146896,90660,South
-118.029013,33.887631,Excelsior,"15905 Valley View Ave, Santa Fe Springs, CA, 90670",146896,90670,South
-118.048522,33.916868,Excelsior,"13248 Imperial Hwy, Santa Fe Springs, CA, 90670",146896,90670,South
-118.047373,33.940736,Excelsior,"13352 Telegraph Rd, Santa Fe Springs, CA, 90670",146896,90670,South
-118.072108,33.941948,Excelsior,"12215 Telegraph Rd, Santa Fe Springs, CA, 90670",146896,90670,South
-117.993132,33.789329,Excelsior,"11931 Beach Blvd, Stanton, CA, 90680",368791,90680,South
-118.08169,33.873129,Excelsior,"11809 Artesia Blvd, Artesia, CA, 90701",146896,90701,South
-118.081897,33.846331,Excelsior,"20226 Pioneer Blvd, Cerritos, CA, 90703",146896,90703,South
-118.090763,33.858558,Excelsior,"11401 South St, Cerritos, CA, 90703",146896,90703,South
-118.142558,33.87504,Excelsior,"17254 Lakewood Blvd, Bellflower, CA, 90706",146896,90706,South
-118.309448,33.779387,Excelsior,"26650 Western Ave, Harbor City, CA, 90710",105585,90710,South
-118.289801,33.809825,Excelsior,"898 Sepulveda Blvd, Harbor City, CA, 90710",105585,90710,South
-118.159111,33.832333,Excelsior,"2700 Carson St, Lakewood, CA, 90712",105585,90712,South
-118.14202,33.850397,Excelsior,"208 Lakewood Center Mall, Lakewood, CA, 90712",146896,90712,South
-118.116319,33.846926,Excelsior,"5906 Del Amo Blvd, Lakewood, CA, 90713",146896,90713,South
-118.116999,33.857309,Excelsior,"5538 Woodruff Ave, Lakewood, CA, 90713",146896,90713,South
-118.317541,33.789483,Excelsior,"2104 Pacific Coast Hwy, Lomita, CA, 90717",105585,90717,South
-118.039217,33.803119,Excelsior,"5373 Katella Ave, Cypress, CA, 90720",146896,90720,South
-118.159934,33.885845,Excelsior,"16280 Paramount Blvd, Paramount, CA, 90723",50000,90723,South
-118.28924,33.739663,Excelsior,"633 W 5th St, Los Angeles, CA, 90731",105585,90731,South
-118.311105,33.764303,Excelsior,"28166 S Western Ave, San Pedro, CA, 90732",50000,90732,South
-118.310675,33.721758,Excelsior,"1440 W 25th St, San Pedro, CA, 90732",105585,90732,South
-118.312369,33.723309,Excelsior,"2470 S Western Ave, San Pedro, CA, 90732",105585,90732,South
-118.310939,33.764992,Excelsior,"28090 S Western Ave, San Pedro, CA, 90732",105585,90732,South
-118.277614,33.8078,Excelsior,"208 W Sepulveda Blvd, Carson, CA, 90745",105585,90745,South
-118.285449,33.841942,Excelsior,"20806 Figueroa St, Carson, CA, 90745",105585,90745,South
-118.262628,33.841586,Excelsior,"20810 Avalon Blvd, Carson, CA, 90746",105585,90746,South
-118.270431,33.871498,Excelsior,"335 E Albertoni St, Carson, CA, 90746",105585,90746,South
-118.17003,33.804323,Excelsior,"1788 E Willow St, Signal Hill, CA, 90755",50000,90755,South
-118.189277,33.773,Excelsior,"500 Long Beach Blvd, Long Beach, CA, 90802",105585,90802,South
-118.152497,33.775289,Excelsior,"3390 E 7th St, Long Beach, CA, 90804",105585,90804,South
-118.13769,33.775334,Excelsior,"4740 E 7th St, Long Beach, CA, 90804",146896,90804,South
-118.139377,33.787763,Excelsior,"4549 E Pacific Coast Hwy, Long Beach, CA, 90804",146896,90804,South
-118.167673,33.819501,Excelsior,"3401 Cherry Ave, Long Beach, CA, 90807",105585,90807,South
-118.184728,33.837501,Excelsior,"4406 Atlantic Ave, Long Beach, CA, 90807",105585,90807,South
-118.11568,33.810618,Excelsior,"5949 E Spring St, Long Beach, CA, 90808",146896,90808,South
-118.107993,33.795869,Excelsior,"2221 Palo Verde Ave, Long Beach, CA, 90815",146896,90815,South
-118.125148,33.808641,Excelsior,"2890 N Bellflower Blvd, Long Beach, CA, 90815",146896,90815,South
-118.023107,34.108343,Excelsior,"298 E Live Oak Ave, Arcadia, CA, 91006",146896,91006,South
-118.056208,34.12394,Dave'n'Judie's Fitness,"745 W Naomi Ave, Arcadia, CA, 91007",146896,91007,South
-118.21849,34.205439,Excelsior,"1929 Verdugo Blvd, LA Canada Flintridge, CA, 91011",105686,91011,South
-118.188789,34.199306,Excelsior,"475 Foothill Blvd, LA Canada Flintridge, CA, 91011",1254982,91011,South
-118.052817,34.162318,Excelsior,"1 Kersting CT, Sierra Madre, CA, 91024",146896,91024,South
-118.152718,34.104077,Excelsior,"1318 Huntington Dr, South Pasadena, CA, 91030",50000,91030,South
-118.315119,34.259746,Excelsior,"8349 Foothill Blvd, Sunland, CA, 91040",317998,91040,South
-118.141954,34.145806,Quazar,"408 E Colorado Blvd, Pasadena, CA, 91101",50000,91101,South
-118.134861,34.145919,Excelsior,"777 E Colorado Blvd, Pasadena, CA, 91101",105585,91101,South
-118.150644,34.157613,Dave'n'Judie's Fitness,"671 N Fair Oaks Ave, Pasadena, CA, 91103",50000,91103,South
-118.112811,34.169113,Excelsior,"1830 E Washington Blvd, Pasadena, CA, 91104",146896,91104,South
-118.112968,34.17035,Excelsior,"1390 N Allen Ave, Pasadena, CA, 91104",146896,91104,South
-118.150298,34.128531,Excelsior,"1000 S Fair Oaks Ave, Pasadena, CA, 91105",105585,91105,South
-118.153272,34.135808,Excelsior,"155 W California Blvd, Pasadena, CA, 91105",105585,91105,South
-118.11518,34.146028,Excelsior,"1687 E Colorado Blvd, Pasadena, CA, 91106",146896,91106,South
-118.121414,34.14858,Excelsior,"161 N Hill Ave, Pasadena, CA, 91106",146896,91106,South
-118.090988,34.127157,Excelsior,"3007 Huntington Dr, Pasadena, CA, 91107",146896,91107,South
-118.285687,34.158808,Excelsior,"1101 Flower St, Glendale, CA, 91201",105585,91201,South
-118.28967,34.171292,Excelsior,"1703 W Glenoaks Blvd, Glendale, CA, 91201",105585,91201,South
-118.264388,34.157378,Excelsior,"469 Burchett St, Glendale, CA, 91203",105686,91203,South
-118.246477,34.14826,Excelsior,"203 N Glendale Ave, Glendale, CA, 91206",105686,91206,South
-118.235748,34.221626,Excelsior,"2627 Foothill Blvd, LA Crescenta, CA, 91214",105686,91214,South
-118.699068,34.143967,Dave'n'Judie's Fitness,"26521 Agoura Rd, Calabasas, CA, 91302",105585,91302,South
-118.699794,34.143955,Excelsior,"26531 Agoura Rd, Calabasas, CA, 91302",105585,91302,South
-118.597381,34.201108,Excelsior,"21355 Sherman Way, Canoga Park, CA, 91303",105585,91303,South
-118.62441,34.186478,Excelsior,"22815 Victory Blvd, West Hills, CA, 91307",50000,91307,South
-118.5789,34.257233,Excelsior,"20516 Devonshire St, Chatsworth, CA, 91311",105585,91311,South
-118.955598,34.169786,Excelsior,"541 S Reino Rd, Newbury Park, CA, 91320",132676,91320,South
-118.955061,34.17132,Excelsior,"421 S Reino Rd, Newbury Park, CA, 91320",132676,91320,South
-118.92211,34.183828,Excelsior,"1940 Newbury Rd, Thousand Oaks, CA, 91320",132676,91320,South
-118.937041,34.192633,Excelsior,"1025 Broadbeck Dr, Thousand Oaks, CA, 91320",132676,91320,South
-118.516456,34.371907,Excelsior,"23790 San Fernando Rd, Santa Clarita, CA, 91321",105585,91321,South
-118.465777,34.405152,Excelsior,"26925 Sierra Hwy, Santa Clarita, CA, 91321",105585,91321,South
-118.536047,34.24167,Excelsior,"9420 Reseda Blvd, Northridge, CA, 91324",338648,91324,South
-118.553887,34.186626,Excelsior,"19313 Victory Blvd, Reseda, CA, 91335",105585,91335,South
-118.536007,34.195491,Excelsior,"6840 Reseda Blvd, Reseda, CA, 91335",105585,91335,South
-118.441188,34.283782,Excelsior,"1135 Truman St, San Fernando, CA, 91340",105585,91340,South
-118.4859,34.235613,Excelsior,"16222 Nordhoff St, North Hills, CA, 91343",105585,91343,South
-118.469671,34.257369,Excelsior,"15501 Devonshire St, Mission Hills, CA, 91345",105585,91345,South
-118.534367,34.45925,Excelsior,"27984 Seco Canyon Rd, Santa Clarita, CA, 91350",105585,91350,South
-118.538484,34.425709,Excelsior,"26441 Bouquet Canyon Rd, Santa Clarita, CA, 91350",155490,91350,South
-118.540694,34.37994,Excelsior,"24802 Orchard Village Rd, Santa Clarita, CA, 91355",105585,91355,South
-118.559517,34.413043,Excelsior,"24286 Valencia Blvd, Santa Clarita, CA, 91355",105585,91355,South
-118.557302,34.413245,Excelsior,"24201 Valencia Blvd, Santa Clarita, CA, 91355",105585,91355,South
-118.561531,34.419553,Excelsior,"24425 Magic Mountain Pky, Valencia, CA, 91355",105585,91355,South
-118.591184,34.432184,Excelsior,"28120 The Old Rd, Valencia, CA, 91355",105585,91355,South
-118.573561,34.442324,Excelsior,"28160 Newhall Ranch Rd, Santa Clarita, CA, 91355",105585,91355,South
-118.578932,34.423177,Excelsior,"25349 Wayne Mills Pl, Valencia, CA, 91355",180166,91355,South
-118.534731,34.168266,Excelsior,"18439 Ventura Blvd, Tarzana, CA, 91356",105585,91356,South
-118.540333,34.170462,Excelsior,"18668 Ventura Blvd, Tarzana, CA, 91356",105585,91356,South
-118.867349,34.199669,Excelsior,"605 E Janss Rd, Thousand Oaks, CA, 91360",288625,91360,South
-118.795822,34.154638,Excelsior,"5770 Lindero Canyon Rd, Westlake Village, CA, 91362",840063,91362,South
-118.823397,34.160237,Excelsior,"111 S Westlake Blvd, Thousand Oaks, CA, 91362",840063,91362,South
-118.846047,34.211297,Excelsior,"1736 E Avenida DE Los Arboles, Thousand Oaks, CA, 91362",840063,91362,South
-118.840836,34.211389,Excelsior,"2048 E Avenida DE Los Arboles, Thousand Oaks, CA, 91362",840063,91362,South
-118.840486,34.211489,Excelsior,"2072 E Avenida DE Los Arboles, Thousand Oaks, CA, 91362",840063,91362,South
-118.615819,34.168427,Excelsior,"22435 Ventura Blvd, Woodland Hills, CA, 91364",50000,91364,South
-118.585946,34.166488,Excelsior,"20801 Ventura Blvd, Woodland Hills, CA, 91364",105585,91364,South
-118.570478,34.171085,Excelsior,"20054 Ventura Blvd, Woodland Hills, CA, 91364",105585,91364,South
-118.597357,34.178811,Excelsior,"5960 Canoga Ave, Woodland Hills, CA, 91367",50000,91367,South
-118.605691,34.169182,Dave'n'Judie's Fitness,"5422 Topanga Canyon Blvd, Woodland Hills, CA, 91367",105585,91367,South
-118.60366,34.179133,Excelsior,"21850 Oxnard St, Woodland Hills, CA, 91367",105585,91367,South
-118.601018,34.187765,Excelsior,"21504 Victory Blvd, Woodland Hills, CA, 91367",105585,91367,South
-118.784967,34.188485,Excelsior,"706 Lindero Canyon Rd, Oak Park, CA, 91377",840063,91377,South
-118.623042,34.497287,Excelsior,"31818 Castaic Rd, Castaic, CA, 91384",105585,91384,South
-118.447449,34.172166,Excelsior,"14431 Burbank Blvd, Van Nuys, CA, 91401",246893,91401,South
-118.448711,34.214381,Excelsior,"7902 Van Nuys Blvd, Panorama City, CA, 91402",1324800,91402,South
-118.466257,34.153897,Excelsior,"15303 Ventura Blvd, Sherman Oaks, CA, 91403",105585,91403,South
-118.451726,34.151384,Excelsior,"14622 Ventura Blvd, Sherman Oaks, CA, 91403",246893,91403,South
-118.467991,34.201278,Excelsior,"15355 Sherman Way, Van Nuys, CA, 91406",105585,91406,South
-118.509276,34.208368,Excelsior,"17272 Saticoy St, Van Nuys, CA, 91406",105585,91406,South
-118.428256,34.147538,Excelsior,"13535 Ventura Blvd, Sherman Oaks, CA, 91423",105585,91423,South
-118.423932,34.157669,Excelsior,"13351 Riverside Dr, Sherman Oaks, CA, 91423",105585,91423,South
-118.325407,34.189297,Excelsior,"1301 N Victory Pl, Burbank, CA, 91502",105585,91502,South
-118.328362,34.191311,Excelsior,"1711 N Victory Pl, Burbank, CA, 91502",105585,91502,South
-118.317558,34.187297,Excelsior,"1001 N San Fernando Blvd, Burbank, CA, 91504",105585,91504,South
-118.345828,34.15551,Dave'n'Judie's Fitness,"347 N Pass Ave, Burbank, CA, 91505",105585,91505,South
-118.346141,34.152286,Excelsior,"4207 W Riverside Dr, Burbank, CA, 91505",105585,91505,South
-118.335897,34.152383,Excelsior,"3400 W Riverside Dr, Burbank, CA, 91505",105585,91505,South
-118.326462,34.154815,Excelsior,"500 S Buena Vista St, Burbank, CA, 91505",105585,91505,South
-118.345549,34.155007,Excelsior,"301 N Pass Ave, Burbank, CA, 91505",105585,91505,South
-118.314807,34.162621,Excelsior,"1190 W Alameda Ave, Burbank, CA, 91506",105585,91506,South
-118.313993,34.162895,Excelsior,"1110 W Alameda Ave, Burbank, CA, 91506",105585,91506,South
-118.370298,34.157663,Excelsior,"Lankershim Blvd, North Hollywood, CA, 91601",105585,91601,South
-118.3694,34.140167,Excelsior,"10965 Ventura Blvd, Studio City, CA, 91604",105585,91604,South
-118.397531,34.143311,Excelsior,"12170 Ventura Blvd, Studio City, CA, 91604",105585,91604,South
-118.412557,34.144869,Excelsior,"12824 Ventura Blvd, Studio City, CA, 91604",105585,91604,South
-118.413291,34.186653,Excelsior,"12848 Victory Blvd, North Hollywood, CA, 91606",105585,91606,South
-118.396458,34.15815,Excelsior,"4800 Laurel Canyon Blvd, Valley Village, CA, 91607",50000,91607,South
-118.353921,34.136111,Excelsior,"100 Universal City Plz, Universal City, CA, 91608",105585,91608,South
-117.574661,34.121608,Excelsior,"10540 Baseline Rd, Rancho Cucamonga, CA, 91701",544749,91701,South
-117.556778,34.134248,Excelsior,"11358 Kenyon Way, Rancho Cucamonga, CA, 91701",544749,91701,South
-117.883548,34.128855,Excelsior,"1119 E Alosta Ave, Azusa, CA, 91702",368791,91702,South
-117.908219,34.133438,Excelsior,"118 W Foothill Blvd, Azusa, CA, 91702",368791,91702,South
-117.93784,34.106903,Excelsior,"15700 Arrow Hwy, Irwindale, CA, 91706",368791,91706,South
-117.96773,34.064699,Excelsior,"1620 Puente Ave, Baldwin Park, CA, 91706",368791,91706,South
-117.958729,34.071226,Excelsior,"14540 Baldwin Park Towne Ctr, Baldwin Park, CA, 91706",368791,91706,South
-117.745247,34.014825,Excelsior,"13000 Peyton Dr, Chino Hills, CA, 91709",368791,91709,South
-117.712531,33.982738,Excelsior,"4200 Chino Hills Pky, Chino Hills, CA, 91709",544749,91709,South
-117.679838,33.947025,Excelsior,"5751 Pine Ave, Chino Hills, CA, 91709",544749,91709,South
-117.717043,33.997089,Excelsior,"4013 Grand Ave, Chino, CA, 91710",544749,91710,South
-117.667493,34.019921,Excelsior,"12867 Mountain Ave, Chino, CA, 91710",544749,91710,South
-117.689514,34.02665,Excelsior,"12488 Central Ave, Chino, CA, 91710",544749,91710,South
-117.689584,34.03286,Excelsior,"12150 Central Ave, Chino, CA, 91710",544749,91710,South
-117.70405,34.107068,Excelsior,"665 E Foothill Blvd, Claremont, CA, 91711",544749,91711,South
-117.719131,34.080609,Excelsior,"810 S Indian Hill Blvd, Claremont, CA, 91711",544749,91711,South
-117.890204,34.08732,Excelsior,"145 N Citrus Ave, Covina, CA, 91723",368791,91723,South
-117.870946,34.086077,Excelsior,"966 E Badillo St, Covina, CA, 91724",368791,91724,South
-117.568467,34.106349,Excelsior,"10831 Foothill Blvd, Rancho Cucamonga, CA, 91730",544749,91730,South
-117.592291,34.106733,Excelsior,"9754 Foothill Blvd, Rancho Cucamonga, CA, 91730",544749,91730,South
-117.61153,34.106769,Excelsior,"8850 Foothill Blvd, Rancho Cucamonga, CA, 91730",544749,91730,South
-118.067712,34.071826,Excelsior,"9208 Flair Dr, El Monte, CA, 91731",146896,91731,South
-118.024863,34.071861,Excelsior,"3534 Peck Rd, El Monte, CA, 91731",146896,91731,South
-118.019142,34.062929,Excelsior,"11979 E Garvey Ave, El Monte, CA, 91732",146896,91732,South
-118.06633,34.062748,Excelsior,"9327 Garvey Ave, South El Monte, CA, 91733",146896,91733,South
-117.530411,34.106408,Excelsior,"12592 Foothill Blvd, Rancho Cucamonga, CA, 91739",544749,91739,South
-117.537028,34.10773,Excelsior,"8025 Day Creek Blvd, Rancho Cucamonga, CA, 91739",544749,91739,South
-117.533471,34.112146,Excelsior,"12466 N Mainstreet, Rancho Cucamonga, CA, 91739",544749,91739,South
-117.537182,34.134843,Excelsior,"12273 Highland Ave, Rancho Cucamonga, CA, 91739",544749,91739,South
-117.830105,34.128643,Excelsior,"1832 E Route 66, Glendora, CA, 91740",368791,91740,South
-117.957937,34.020677,Excelsior,"209 S Hacienda Blvd, Industry, CA, 91745",368791,91745,South
-117.906236,33.995845,Excelsior,"18248 Gale Ave, Industry, CA, 91748",368791,91748,South
-117.763387,34.112894,Excelsior,"2145 Foothill Blvd, LA Verne, CA, 91750",368791,91750,South
-117.593224,34.0203,Excelsior,"2910 S Archibald Ave, Ontario, CA, 91761",544749,91761,South
-117.611013,34.02707,Excelsior,"2570 S Vineyard Ave, Ontario, CA, 91761",544749,91761,South
-117.576053,34.03332,Excelsior,"2200 S Haven Ave, Ontario, CA, 91761",544749,91761,South
-117.547229,34.047106,Excelsior,"4880 E Motor Ln, Ontario, CA, 91761",544749,91761,South
-117.651084,34.03211,Excelsior,"2254 S Euclid Ave, Ontario, CA, 91762",544749,91762,South
-117.658017,34.0634,Excelsior,"562 W Holt Blvd, Ontario, CA, 91762",544749,91762,South
-117.670084,34.085516,Excelsior,"1520 N Mountain Ave, Ontario, CA, 91762",544749,91762,South
-117.558059,34.075748,Excelsior,"1041 N Milliken Ave, Ontario, CA, 91764",544749,91764,South
-117.575892,34.076681,Excelsior,"951 N Haven Ave, Ontario, CA, 91764",544749,91764,South
-117.760867,34.028591,Excelsior,"68 Rio Rancho Rd, Pomona, CA, 91766",368791,91766,South
-117.799082,34.041742,Excelsior,"3044 W Temple Ave, Pomona, CA, 91766",368791,91766,South
-118.090487,34.063511,Excelsior,"3000 San Gabriel Blvd, Rosemead, CA, 91770",146896,91770,South
-118.072949,34.075018,Excelsior,"3620 Rosemead Blvd, Rosemead, CA, 91770",146896,91770,South
-117.825571,34.106559,Excelsior,"942 W Arrow Hwy, San Dimas, CA, 91773",368791,91773,South
-117.805736,34.106626,Excelsior,"144 E Bonita Ave, San Dimas, CA, 91773",368791,91773,South
-118.073715,34.103762,Excelsior,"5705 Rosemead Blvd, Temple City, CA, 91780",146896,91780,South
-117.637612,34.132856,Excelsior,"1943 N Campus Ave, Upland, CA, 91784",544749,91784,South
-117.665591,34.106989,Excelsior,"1013 W Foothill Blvd, Upland, CA, 91786",544749,91786,South
-117.835896,34.027344,Excelsior,"505 N Grand Ave, Walnut, CA, 91789",368791,91789,South
-117.927084,34.068234,Excelsior,"333 S Vincent Ave, West Covina, CA, 91790",368791,91790,South
-117.885258,34.07287,Excelsior,"2831 E Eastland Ctr Dr, West Covina, CA, 91791",368791,91791,South
-117.890974,34.075296,Excelsior,"2620 E Workman Ave, West Covina, CA, 91791",368791,91791,South
-117.022711,32.669488,Excelsior,"5030 Bonita Rd, Bonita, CA, 91902",534233,91902,South
-117.032833,32.660724,Quazar,"4404 Bonita Rd, Bonita, CA, 91902",534233,91902,South
-117.07429,32.626899,Excelsior,"720 3rd Ave, Chula Vista, CA, 91910",534233,91910,South
-117.040062,32.628422,Excelsior,"519 Telegraph Canyon Rd, Chula Vista, CA, 91910",534233,91910,South
-117.088639,32.629038,Excelsior,"555 Broadway, Chula Vista, CA, 91910",534233,91910,South
-117.089273,32.63107,Excelsior,"595 H St, Chula Vista, CA, 91910",534233,91910,South
-117.077383,32.634418,Excelsior,"303 H St, Chula Vista, CA, 91910",534233,91910,South
-117.086731,32.650585,Excelsior,"20 3rd Ave, Chula Vista, CA, 91910",534233,91910,South
-117.079984,32.606372,Excelsior,"1208 Broadway, Chula Vista, CA, 91911",534233,91911,South
-117.026833,32.614645,Excelsior,"605 E Palomar St, Chula Vista, CA, 91911",534233,91911,South
-116.96737,32.647354,Dave'n'Judie's Fitness,"2250 Otay Lakes Rd, Chula Vista, CA, 91915",534233,91915,South
-116.965776,32.648235,Excelsior,"2295 Otay Lakes Rd, Chula Vista, CA, 91915",534233,91915,South
-116.966762,32.621148,Quazar,"2015 Birch Rd, Chula Vista, CA, 91915",534233,91915,South
-117.021383,32.764067,Excelsior,"8138 LA Mesa Blvd, LA Mesa, CA, 91941",534233,91941,South
-117.026161,32.764939,Excelsior,"8011 University Ave, LA Mesa, CA, 91941",534233,91941,South
-117.025765,32.770492,Excelsior,"5020 Baltimore Dr, LA Mesa, CA, 91942",534233,91942,South
-117.014276,32.780498,Excelsior,"8497 Fletcher Pky, LA Mesa, CA, 91942",534233,91942,South
-117.032717,32.715284,Excelsior,"Jamacha Rd, San Diego, CA, 91945",534233,91945,South
-117.030021,32.742633,Excelsior,"7801 Broadway, Lemon Grove, CA, 91945",534233,91945,South
-117.044866,32.742643,Quazar,"7090 Broadway, Lemon Grove, CA, 91945",534233,91945,South
-117.067911,32.655627,Excelsior,"3030 Plaza Bonita Rd, National City, CA, 91950",534233,91950,South
-117.080228,32.661437,Excelsior,"1860 Sweetwater Rd, National City, CA, 91950",534233,91950,South
-117.082195,32.678487,Excelsior,"2230 E Plaza Blvd, National City, CA, 91950",534233,91950,South
-116.986902,32.748044,Excelsior,"9716 Campo Rd, Spring Valley, CA, 91977",534233,91977,South
-117.282618,33.021402,Excelsior,"2081 San Elijo Ave, Cardiff By The Sea, CA, 92007",105585,92007,South
-117.326545,33.178709,Excelsior,"2560 El Camino Real, Carlsbad, CA, 92008",105585,92008,South
-117.268651,33.086415,Excelsior,"7680 El Camino Real, Carlsbad, CA, 92009",105585,92009,South
-117.259523,33.131137,Excelsior,"2708 Loker Ave W, Carlsbad, CA, 92010",105585,92010,South
-117.249222,32.98061,Excelsior,"2707 Via DE LA Valle, Del Mar, CA, 92014",534233,92014,South
-116.927854,32.786641,Excelsior,"745 Jamacha Rd, El Cajon, CA, 92019",534233,92019,South
-116.931229,32.744187,Quazar,"2512 Jamacha Rd, El Cajon, CA, 92019",534233,92019,South
-116.957126,32.780457,Excelsior,"450 E Chase Ave, El Cajon, CA, 92020",534233,92020,South
-116.9631,32.794988,Excelsior,"124 W Main St, El Cajon, CA, 92020",534233,92020,South
-116.967463,32.807257,Excelsior,"415 Parkway Plz, El Cajon, CA, 92020",534233,92020,South
-116.962244,32.820349,Excelsior,"1591 N Magnolia Ave, El Cajon, CA, 92020",534233,92020,South
-116.95048,32.807674,Excelsior,"903 Broadway, El Cajon, CA, 92021",534233,92021,South
-116.920761,32.807718,Excelsior,"1608 E Broadway St, El Cajon, CA, 92021",534233,92021,South
-116.90236,32.824923,Excelsior,"13439 Camino Canada, El Cajon, CA, 92021",534233,92021,South
-117.264872,33.068077,Excelsior,"1560 Leucadia Blvd, Encinitas, CA, 92024",105585,92024,South
-117.068627,33.06916,Excelsior,"200 E Via Rancho Pky, Escondido, CA, 92025",534233,92025,South
-117.096182,33.117318,Excelsior,"1020 W Valley Pky, Escondido, CA, 92025",534233,92025,South
-117.093602,33.127734,Excelsior,"603 W Mission Ave, Escondido, CA, 92025",534233,92025,South
-117.094242,33.140564,Excelsior,"306 E El Norte Pky, Escondido, CA, 92026",534233,92026,South
-117.106968,33.147168,Excelsior,"1000 W El Norte Pky, Escondido, CA, 92026",534233,92026,South
-117.061602,33.132923,Excelsior,"1485 E Valley Pky, Escondido, CA, 92027",534233,92027,South
-117.071108,33.070475,Excelsior,"3440 Del Lago Blvd, Escondido, CA, 92029",534233,92029,South
-117.269652,32.813904,Excelsior,"5604 LA Jolla Blvd, LA Jolla, CA, 92037",534233,92037,South
-117.273363,32.840273,Excelsior,"905 Pearl St, LA Jolla, CA, 92037",534233,92037,South
-117.254153,32.850628,Excelsior,"2206 Torrey Pines Rd, LA Jolla, CA, 92037",534233,92037,South
-117.216871,32.87291,Excelsior,"4150 Regents Park Row, LA Jolla, CA, 92037",534233,92037,South
-117.359341,33.191983,Excelsior,"1779 Oceanside Blvd, Oceanside, CA, 92054",105585,92054,South
-117.295751,33.178226,Excelsior,"3450 Marron Rd, Oceanside, CA, 92056",105585,92056,South
-117.294799,33.178497,Excelsior,"3480 Marron Rd, Oceanside, CA, 92056",105585,92056,South
-117.325567,33.182483,Excelsior,"3125 Vista Way, Oceanside, CA, 92056",105585,92056,South
-117.286043,33.207148,Excelsior,"4176 Oceanside Blvd, Oceanside, CA, 92056",105585,92056,South
-117.30742,33.231828,Excelsior,"175 Old Grove Rd, Oceanside, CA, 92057",105585,92057,South
-117.332409,33.224759,Excelsior,"3760 Mission Ave, Oceanside, CA, 92058",105585,92058,South
-117.062184,32.981003,Excelsior,"14835 Pomerado Rd, Poway, CA, 92064",534233,92064,South
-117.067402,32.950996,Excelsior,"12202 Poway Rd, Poway, CA, 92064",534233,92064,South
-117.121332,33.135835,Excelsior,"751 Center Dr, San Marcos, CA, 92069",534233,92069,South
-117.174471,33.13904,Excelsior,"126 Knoll Rd, San Marcos, CA, 92069",534233,92069,South
-116.980852,32.838789,Excelsior,"9868 Mission Gorge Rd, Santee, CA, 92071",534233,92071,South
-116.971194,32.85551,Excelsior,"9802 N Magnolia Ave, Santee, CA, 92071",534233,92071,South
-117.253739,32.99562,Excelsior,"937 Lomas Santa Fe Dr, Solana Beach, CA, 92075",534233,92075,South
-117.15847,33.125626,Excelsior,"555 Campus View Dr, San Marcos, CA, 92078",534233,92078,South
-117.164851,33.131073,Excelsior,"342 S Twin Oaks Valley Rd, San Marcos, CA, 92078",534233,92078,South
-117.208941,33.131524,Excelsior,"1903 W San Marcos Blvd, San Marcos, CA, 92078",534233,92078,South
-117.191777,33.14255,Excelsior,"125 S Las Posas Rd, San Marcos, CA, 92078",534233,92078,South
-117.19861,33.148926,Excelsior,"1680 Descanso Ave, San Marcos, CA, 92078",534233,92078,South
-117.246432,33.16556,Excelsior,"1661 S Melrose Dr, Vista, CA, 92081",105585,92081,South
-117.247395,33.166993,Excelsior,"1601 S Melrose Dr, Vista, CA, 92081",105585,92081,South
-117.253568,33.192799,Excelsior,"251 S Melrose Dr, Vista, CA, 92081",105585,92081,South
-117.218691,33.162456,Excelsior,"790 Sycamore Ave, Vista, CA, 92083",105585,92083,South
-117.21338,33.169974,Excelsior,"1711 University Dr, Vista, CA, 92083",105585,92083,South
-117.244914,33.200272,Excelsior,"30 Main St, Vista, CA, 92083",105585,92083,South
-117.226052,33.219301,Excelsior,"1385 E Vista Way, Vista, CA, 92084",105585,92084,South
-117.19591,32.729566,Dave'n'Judie's Fitness,"3665 N Harbor Dr, San Diego, CA, 92101",534233,92101,South
-117.159323,32.717732,Dave'n'Judie's Fitness,"1194 6th Ave, San Diego, CA, 92101",534233,92101,South
-117.163762,32.711336,Excelsior,"101 Market St, San Diego, CA, 92101",534233,92101,South
-117.161569,32.711429,Excelsior,"345 Market St, San Diego, CA, 92101",534233,92101,South
-117.15495,32.711493,Excelsior,"1011 Market St, San Diego, CA, 92101",534233,92101,South
-117.160033,32.713566,Excelsior,"511 F St, San Diego, CA, 92101",534233,92101,South
-117.169031,32.715798,Excelsior,"600 W Broadway, San Diego, CA, 92101",534233,92101,South
-117.169842,32.726264,Excelsior,"801 W Hawthorn St, San Diego, CA, 92101",534233,92101,South
-117.160359,32.730777,Excelsior,"2440 5th Ave, San Diego, CA, 92101",534233,92101,South
-117.16434,32.708841,Quazar,"111 W Harbor Dr, San Diego, CA, 92101",534233,92101,South
-117.16434,32.708841,Quazar,"111 W Harbor Dr, San Diego, CA, 92101",534233,92101,South
-117.16516,32.709278,Quazar,"333 W Harbor Dr, San Diego, CA, 92101",534233,92101,South
-117.171008,32.712009,Quazar,"601 Pacific Hwy, San Diego, CA, 92101",534233,92101,South
-117.161117,32.713762,Quazar,"75 Horton Plz, San Diego, CA, 92101",534233,92101,South
-117.16112,32.713847,Quazar,"127 Horton Plz, San Diego, CA, 92101",534233,92101,South
-117.161113,32.71461,Quazar,"324 Horton Plz, San Diego, CA, 92101",534233,92101,South
-117.133895,32.718029,Excelsior,"1206 28th St, San Diego, CA, 92102",534233,92102,South
-117.160377,32.747231,Dave'n'Judie's Fitness,"3801 5th Ave, San Diego, CA, 92103",534233,92103,South
-117.146437,32.747753,Excelsior,"3830 Park Blvd, San Diego, CA, 92103",534233,92103,South
-117.170312,32.749979,Excelsior,"784 W Washington St, San Diego, CA, 92103",534233,92103,South
-117.131386,32.748397,Excelsior,"2899 University Ave, San Diego, CA, 92104",534233,92104,South
-117.125068,32.748556,Excelsior,"3206 University Ave, San Diego, CA, 92104",534233,92104,South
-117.130301,32.755456,Excelsior,"2990 El Cajon Blvd, San Diego, CA, 92104",534233,92104,South
-117.084953,32.723372,Excelsior,"1722 Euclid Ave, San Diego, CA, 92105",534233,92105,South
-117.250776,32.746735,Excelsior,"4994 Newport Ave, San Diego, CA, 92107",534233,92107,South
-117.157358,32.770824,Excelsior,"7610 Hazard Center Dr, San Diego, CA, 92108",534233,92108,South
-117.039792,32.779558,Excelsior,"4262 Camino Del Rio N, San Diego, CA, 92108",534233,92108,South
-117.129139,32.779694,Excelsior,"2245 Fenton Pky, San Diego, CA, 92108",534233,92108,South
-117.2389,32.800274,Excelsior,"1702 Garnet St, San Diego, CA, 92109",534233,92109,South
-117.206198,32.752005,Excelsior,"3145 Sports Arena Blvd, San Diego, CA, 92110",534233,92110,South
-117.216246,32.752776,Excelsior,"3645 Midway Dr, San Diego, CA, 92110",534233,92110,South
-117.197149,32.764954,Excelsior,"5175 Linda Vista Rd, San Diego, CA, 92110",534233,92110,South
-117.180529,32.819673,Excelsior,"5555 Balboa Ave, San Diego, CA, 92111",534233,92111,South
-117.153324,32.830807,Excelsior,"4898 Convoy St, San Diego, CA, 92111",534233,92111,South
-117.133233,32.695998,Excelsior,"2828 National Ave, San Diego, CA, 92113",534233,92113,South
-117.117143,32.696064,Excelsior,"3582 National Ave, San Diego, CA, 92113",534233,92113,South
-117.099743,32.702067,Excelsior,"255 Marketplace Ave, San Diego, CA, 92113",534233,92113,South
-117.085129,32.701413,Excelsior,"350 Euclid Ave, San Diego, CA, 92114",534233,92114,South
-117.052261,32.743357,Excelsior,"3436 College Ave, San Diego, CA, 92115",534233,92115,South
-117.071494,32.749687,Excelsior,"5841 University Ave, San Diego, CA, 92115",534233,92115,South
-117.056371,32.75519,Excelsior,"6511 University Ave, San Diego, CA, 92115",534233,92115,South
-117.053447,32.768543,Excelsior,"6701 El Cajon Blvd, San Diego, CA, 92115",534233,92115,South
-117.069888,32.771245,Excelsior,"5131 College Ave, San Diego, CA, 92115",534233,92115,South
-117.071968,32.772319,Excelsior,"5500 Campanile Dr, San Diego, CA, 92115",534233,92115,South
-117.11497,32.763328,Excelsior,"3610 Adams Ave, San Diego, CA, 92116",534233,92116,South
-117.205804,32.830918,Excelsior,"4725 Clairemont Dr, San Diego, CA, 92117",534233,92117,South
-117.166074,32.832764,Excelsior,"7035 Clairemont Mesa Blvd, San Diego, CA, 92117",534233,92117,South
-117.179777,32.686317,Quazar,"960 Orange Ave, Coronado, CA, 92118",534233,92118,South
-117.006069,32.802834,Excelsior,"8898 Navajo Rd, San Diego, CA, 92119",534233,92119,South
-117.09933,32.790759,Excelsior,"10406 Friars Rd, San Diego, CA, 92120",534233,92120,South
-117.164056,32.878932,Excelsior,"7030 Miramar Rd, San Diego, CA, 92121",534233,92121,South
-117.201512,32.891633,Excelsior,"9276 Scranton Rd, San Diego, CA, 92121",534233,92121,South
-117.201694,32.893256,Excelsior,"9430 Scranton Rd, San Diego, CA, 92121",534233,92121,South
-117.215483,32.851227,Excelsior,"3202 Governor Dr, San Diego, CA, 92122",534233,92122,South
-117.222853,32.862503,Excelsior,"7788 Regents Rd, San Diego, CA, 92122",534233,92122,South
-117.214221,32.870429,Excelsior,"8750 Genesee Ave, San Diego, CA, 92122",534233,92122,South
-117.209796,32.873586,Excelsior,"4545 LA Jolla Village Dr, San Diego, CA, 92122",534233,92122,South
-117.11532,32.808088,Excelsior,"3550 Murphy Canyon Rd, San Diego, CA, 92123",534233,92123,South
-117.116013,32.808796,Excelsior,"3675 Murphy Canyon Rd, San Diego, CA, 92123",534233,92123,South
-117.13081,32.831313,Excelsior,"9211 Clairemont Mesa Blvd, San Diego, CA, 92123",534233,92123,South
-117.100904,32.822928,Excelsior,"10601 Tierrasanta Blvd, San Diego, CA, 92124",534233,92124,South
-117.144836,32.912823,Excelsior,"8310 Mira Mesa Blvd, San Diego, CA, 92126",534233,92126,South
-117.120561,32.916765,Excelsior,"10720 Westview Pky, San Diego, CA, 92126",534233,92126,South
-117.1118,33.01512,Excelsior,"16621 Dove Canyon Rd, San Diego, CA, 92127",534233,92127,South
-117.061656,33.018555,Excelsior,"12469 Rancho Bernardo Rd, San Diego, CA, 92128",534233,92128,South
-117.10746,32.951122,Excelsior,"12889 Rancho Penasquitos Blvd, San Diego, CA, 92129",534233,92129,South
-117.126696,32.958732,Excelsior,"13255 Black Mountain Rd, San Diego, CA, 92129",534233,92129,South
-117.113724,32.937555,Excelsior,"9932 Mercy Rd, San Diego, CA, 92129",534233,92129,South
-117.215221,32.921385,Excelsior,"4645 Carmel Mountain Rd, San Diego, CA, 92130",534233,92130,South
-117.097177,32.936754,Excelsior,"10675 Scripps Poway Pky, San Diego, CA, 92131",534233,92131,South
-117.099199,32.937131,Excelsior,"10625 Scripps Poway Pky, San Diego, CA, 92131",534233,92131,South
-116.965441,32.567693,Excelsior,"8299 Otay Mesa Rd, San Diego, CA, 92154",534233,92154,South
-117.035108,32.576544,Excelsior,"940 Dennery Rd, San Diego, CA, 92154",534233,92154,South
-117.092539,32.584773,Excelsior,"635 Saturn Blvd, San Diego, CA, 92154",534233,92154,South
-117.042548,32.545376,Excelsior,"4201 Camino DE LA Plz, San Ysidro, CA, 92173",534233,92173,South
-116.21548,33.700303,Excelsior,"83073 Avenue 48, Coachella, CA, 92201",105585,92201,South
-116.268839,33.707442,Excelsior,"Highway 111, LA Quinta, CA, 92201",105585,92201,South
-116.234128,33.714507,Excelsior,"81952 Highway 111, Indio, CA, 92201",105585,92201,South
-116.303808,33.72899,Excelsior,"Washington St, Palm Desert, CA, 92201",105585,92201,South
-116.29499,33.717291,Excelsior,"Washington St, LA Quinta, CA, 92210",105585,92210,South
-116.30399,33.7428,Excelsior,"42095 Washington St, Palm Desert, CA, 92211",105585,92211,South
-116.296573,33.760491,Excelsior,"78385 Varner Rd, Palm Desert, CA, 92211",105585,92211,South
-116.901822,33.925583,Excelsior,"2270 W Ramsey St, Banning, CA, 92220",534233,92220,South
-116.977149,33.947225,Excelsior,"1420 Beaumont Ave, Beaumont, CA, 92223",534233,92223,South
-114.60519,33.610278,Excelsior,"745 W Hobsonway, Blythe, CA, 92225",105585,92225,South
-116.811583,33.925124,Excelsior,"48750 Seminole Dr, Cabazon, CA, 92230",534233,92230,South
-115.499263,32.681469,Excelsior,"1113 Imperial Ave W, Calexico, CA, 92231",105585,92231,South
-116.451899,33.77615,Dave'n'Judie's Fitness,"E Palm Canyon Dr, Cathedral City, CA, 92234",105585,92234,South
-116.481306,33.787815,Excelsior,"67760 E Palm Canyon Dr, Cathedral City, CA, 92234",105585,92234,South
-116.458173,33.801071,Excelsior,"34041 Date Palm Dr, Cathedral City, CA, 92234",105585,92234,South
-116.501364,33.945341,Excelsior,"14207 Palm Dr, Desert Hot Springs, CA, 92240",105585,92240,South
-115.532596,32.766859,Excelsior,"599 Danenberg Dr, El Centro, CA, 92243",105585,92243,South
-115.569913,32.791569,Excelsior,"202 S Imperial Ave, El Centro, CA, 92243",105585,92243,South
-116.288377,33.709177,Excelsior,"78935 Highway 111, LA Quinta, CA, 92253",105585,92253,South
-116.29194,33.712771,Excelsior,"78742 Highway 111, LA Quinta, CA, 92253",105585,92253,South
-116.391301,33.719808,Excelsior,"73030 El Paseo, Palm Desert, CA, 92260",105585,92260,South
-116.382378,33.719866,Excelsior,"73520 El Paseo, Palm Desert, CA, 92260",105585,92260,South
-116.400865,33.725613,Excelsior,"72549 Highway 111, Palm Desert, CA, 92260",105585,92260,South
-116.528286,33.81694,Excelsior,"425 S Sunrise Way, Palm Springs, CA, 92262",105585,92262,South
-116.412199,33.741349,Excelsior,"71800 Highway 111, Rancho Mirage, CA, 92270",105585,92270,South
-116.412673,33.741521,Excelsior,"71743 Highway 111, Rancho Mirage, CA, 92270",105585,92270,South
-116.391314,33.756661,Excelsior,"40101 Monterey Ave, Rancho Mirage, CA, 92270",105585,92270,South
-117.222824,34.527884,Excelsior,"20226 Us Highway 18, Apple Valley, CA, 92307",155006,92307,South
-116.067567,35.26897,Excelsior,"56383 Mojave Pointe, Baker, CA, 92309",197888,92309,South
-117.082988,34.850239,Excelsior,"2834 Lenwood Rd, Barstow, CA, 92311",105585,92311,South
-117.082849,34.850642,Excelsior,"2849 Lenwood Rd, Barstow, CA, 92311",105585,92311,South
-116.999344,34.891016,Excelsior,"1620 E Main St, Barstow, CA, 92311",108814,92311,South
-117.314,34.033958,Excelsior,"22488 Barton Rd, Grand Terrace, CA, 92313",2534874,92313,South
-116.916533,34.241167,Excelsior,"40568 Village Dr, Big Bear Lake, CA, 92315",105585,92315,South
-116.883411,34.249633,Excelsior,"42140 Big Bear Blvd, Big Bear Lake, CA, 92315",105585,92315,South
-117.305187,34.047945,Excelsior,"1241 E Washington St, Colton, CA, 92324",2534874,92324,South
-117.309273,34.04925,Excelsior,"1181 S MT Vernon Ave, Colton, CA, 92324",2534874,92324,South
-117.51053,34.121559,Excelsior,"13518 Baseline Ave, Fontana, CA, 92336",544749,92336,South
-117.435387,34.049491,Excelsior,"11255 Sierra Ave, Fontana, CA, 92337",2534874,92337,South
-117.43372,34.063138,Excelsior,"16964 Slover Ave, Fontana, CA, 92337",2534874,92337,South
-117.375907,34.426729,Excelsior,"13166 Main St, Hesperia, CA, 92345",105585,92345,South
-117.29243,34.470893,Excelsior,"17003 Bear Valley Rd, Hesperia, CA, 92345",105585,92345,South
-117.294056,34.420467,Excelsior,"16922 Main St, Hesperia, CA, 92345",148048,92345,South
-117.202461,34.121203,Excelsior,"27615 Base Line, Highland, CA, 92346",105585,92346,South
-117.171616,34.050046,Excelsior,"450 E Cypress Ave, Redlands, CA, 92373",105585,92373,South
-117.208781,34.062755,Excelsior,"1599 W Redlands Blvd, Redlands, CA, 92373",105585,92373,South
-117.182512,34.059893,Dave'n'Judie's Fitness,"522 Orange St, Redlands, CA, 92374",105585,92374,South
-117.208828,34.069811,Excelsior,"1265 Alabama St, Redlands, CA, 92374",105585,92374,South
-117.18248,34.070034,Excelsior,"W Lugonia Ave, Redlands, CA, 92374",105585,92374,South
-117.20727,34.070318,Excelsior,"27320 W Lugonia Ave, Redlands, CA, 92374",105585,92374,South
-117.396324,34.106789,Excelsior,"1290 W Foothill Blvd, Rialto, CA, 92376",2534874,92376,South
-117.37084,34.121378,Excelsior,"120 W Base Line Rd, Rialto, CA, 92376",2534874,92376,South
-117.370145,34.072287,Excelsior,"1611 S Riverside Ave, Rialto, CA, 92376",2534874,92376,South
-117.3658,34.47045,Excelsior,"13650 Bear Valley Rd, Victorville, CA, 92392",105585,92392,South
-117.349531,34.470355,Excelsior,"14329 Bear Valley Rd, Victorville, CA, 92392",487168,92392,South
-117.325531,34.521463,Excelsior,"15617 Roy Rogers Dr, Victorville, CA, 92394",398349,92394,South
-117.291727,34.472527,Dave'n'Judie's Fitness,"12199 Hesperia Rd, Victorville, CA, 92395",105585,92395,South
-117.289981,34.470988,Excelsior,"17080 Bear Valley Rd, Victorville, CA, 92395",105585,92395,South
-117.319827,34.509402,Excelsior,"14213 7th St, Victorville, CA, 92395",721573,92395,South
-117.332188,34.166836,Excelsior,"4275 University Pky, San Bernardino, CA, 92407",105585,92407,South
-117.360868,34.192188,Excelsior,"3225 Little League Dr, San Bernardino, CA, 92407",105585,92407,South
-117.27348,34.065995,Excelsior,"525 E Hospitality Ln, San Bernardino, CA, 92408",105585,92408,South
-117.373046,33.986558,Excelsior,"3311 Market St, Riverside, CA, 92501",2534874,92501,South
-117.470102,33.895801,Excelsior,"3312 LA Sierra Ave, Riverside, CA, 92503",2534874,92503,South
-117.45873,33.908889,Excelsior,"2265 Galleria At Tyler, Riverside, CA, 92503",2534874,92503,South
-117.461172,33.911401,Excelsior,"3782 Tyler St, Riverside, CA, 92503",2534874,92503,South
-117.452765,33.916946,Excelsior,"9811 Magnolia Ave, Riverside, CA, 92503",2534874,92503,South
-117.454063,33.945601,Quazar,"6390 Van Buren Blvd, Riverside, CA, 92503",2534874,92503,South
-117.494094,33.898562,Excelsior,"3950 Pierce St, Riverside, CA, 92505",544749,92505,South
-117.38947,33.946284,Dave'n'Judie's Fitness,"Riverside Ave, Riverside, CA, 92506",2534874,92506,South
-117.385887,33.946256,Dave'n'Judie's Fitness,"3434 Arlington Ave, Riverside, CA, 92506",2534874,92506,South
-117.397078,33.946308,Quazar,"3707 Arlington Ave, Riverside, CA, 92506",2534874,92506,South
-117.282257,33.940896,Excelsior,"2692 Canyon Springs Pky, Riverside, CA, 92507",105585,92507,South
-117.33936,33.975768,Excelsior,"1299 University Ave, Riverside, CA, 92507",2534874,92507,South
-117.329517,33.956573,Excelsior,"5225 Canyon Crest Dr, Riverside, CA, 92507",2534874,92507,South
-117.330443,33.887387,Excelsior,"19040 Van Buren Blvd, Riverside, CA, 92508",2534874,92508,South
-117.459225,33.978053,Excelsior,"8022 Limonite Ave, Riverside, CA, 92509",2534874,92509,South
-117.29702,33.653708,Excelsior,"32281 Mission Trl, Lake Elsinore, CA, 92530",105585,92530,South
-117.341069,33.690938,Excelsior,"18285 Collier Ave, Lake Elsinore, CA, 92530",2534874,92530,South
-117.295341,33.660085,Excelsior,"31564 Grape St, Lake Elsinore, CA, 92532",105585,92532,South
-117.296967,33.662282,Excelsior,"31800 Grape St, Lake Elsinore, CA, 92532",105585,92532,South
-116.97204,33.729417,Excelsior,"150 W Stetson Ave, Hemet, CA, 92543",534233,92543,South
-116.980111,33.747463,Excelsior,"889 W Florida Ave, Hemet, CA, 92543",534233,92543,South
-117.008162,33.729303,Excelsior,"3511 W Stetson Ave, Hemet, CA, 92545",534233,92545,South
-117.00121,33.747312,Excelsior,"2801 W Florida Ave, Hemet, CA, 92545",534233,92545,South
-116.9965,33.747428,Excelsior,"2350 W Florida Ave, Hemet, CA, 92545",534233,92545,South
-117.261574,33.939052,Excelsior,"12515 Frederick St, Moreno Valley, CA, 92553",105585,92553,South
-117.278757,33.939891,Excelsior,"12430 Day St, Moreno Valley, CA, 92553",105585,92553,South
-117.178502,33.935702,Excelsior,"12751 Moreno Beach Dr, Moreno Valley, CA, 92555",105585,92555,South
-117.226277,33.944391,Excelsior,"12190 Perris Blvd, Moreno Valley, CA, 92557",105585,92557,South
-117.188586,33.554948,Excelsior,"40735 Murrieta Hot Springs Rd, Murrieta, CA, 92562",105585,92562,South
-117.19976,33.556649,Excelsior,"25175 Madison Ave, Murrieta, CA, 92562",105585,92562,South
-117.205956,33.567231,Excelsior,"41032 California Oaks Rd, Murrieta, CA, 92562",105585,92562,South
-117.183392,33.570163,Excelsior,"25030 Hancock Ave, Murrieta, CA, 92562",105585,92562,South
-117.140329,33.552353,Excelsior,"39028 Winchester Rd, Murrieta, CA, 92563",105585,92563,South
-117.226243,33.802441,Excelsior,"1688 N Perris Blvd, Perris, CA, 92571",105585,92571,South
-117.152089,33.496017,Excelsior,"28459 Old Town Front St, Temecula, CA, 92590",105585,92590,South
-117.165763,33.521556,Excelsior,"27315 Jefferson Ave, Temecula, CA, 92590",105585,92590,South
-117.147406,33.503734,Excelsior,"29588 Rancho California Rd, Temecula, CA, 92591",105585,92591,South
-117.158368,33.52588,Excelsior,"40820 Winchester Rd, Temecula, CA, 92591",105585,92591,South
-117.149191,33.527279,Excelsior,"40573 Margarita Rd, Temecula, CA, 92591",105585,92591,South
-117.127383,33.475707,Excelsior,"30571 Highway 79 S, Temecula, CA, 92592",534233,92592,South
-117.094896,33.482157,Excelsior,"32240 Highway 79 S, Temecula, CA, 92592",534233,92592,South
-117.243575,33.596746,Excelsior,"23823 Clinton Keith Rd, Wildomar, CA, 92595",105585,92595,South
-117.124295,33.591648,Excelsior,"30628 Benton Rd, Winchester, CA, 92596",105585,92596,South
-117.771057,33.721653,Excelsior,"3997 Irvine Blvd, Irvine, CA, 92602",368791,92602,South
-117.777596,33.653031,Excelsior,"6783 Quail Hill Pky, Irvine, CA, 92603",368791,92603,South
-117.812046,33.681429,Excelsior,"3995 Alton Pky, Irvine, CA, 92606",368791,92606,South
-117.653145,33.671906,Excelsior,"27412 Portola Pky, Lake Forest, CA, 92610",544749,92610,South
-117.854956,33.686498,Excelsior,"17913 Macarthur Blvd, Irvine, CA, 92614",368791,92614,South
-117.854049,33.640967,Excelsior,"5171 California Ave, Irvine, CA, 92617",368791,92617,South
-117.837328,33.642579,Excelsior,"531 E Peltason Dr, Irvine, CA, 92617",368791,92617,South
-117.746122,33.650335,Excelsior,"115 Fortune Dr, Irvine, CA, 92618",368791,92618,South
-117.740064,33.657663,Excelsior,"71 Technology Dr, Irvine, CA, 92618",368791,92618,South
-117.762744,33.695825,Excelsior,"14061 Jeffrey Rd, Irvine, CA, 92620",368791,92620,South
-117.740085,33.699666,Excelsior,"6364 Irvine Blvd, Irvine, CA, 92620",368791,92620,South
-117.907854,33.67289,Dave'n'Judie's Fitness,"2701 Fairview Rd, Costa Mesa, CA, 92626",368791,92626,South
-117.919007,33.656459,Excelsior,"2300 Harbor Blvd, Costa Mesa, CA, 92626",368791,92626,South
-117.919208,33.681931,Excelsior,"3030 Harbor Blvd, Costa Mesa, CA, 92626",368791,92626,South
-117.8772,33.690053,Excelsior,"545 Anton Blvd, Costa Mesa, CA, 92626",368791,92626,South
-117.885695,33.690259,Excelsior,"3333 Bristol St, Costa Mesa, CA, 92626",368791,92626,South
-117.701951,33.465483,Excelsior,"24502 Del Prado, Dana Point, CA, 92629",368791,92629,South
-117.725951,33.485832,Excelsior,"32880 Pacific Coast Hwy, Dana Point, CA, 92629",368791,92629,South
-117.697812,33.490553,Excelsior,"32515 Golden Lantern St, Dana Point, CA, 92629",368791,92629,South
-117.705478,33.628826,Excelsior,"24301 Muirlands Blvd, Lake Forest, CA, 92630",368791,92630,South
-117.713471,33.612573,Excelsior,"24100 El Toro Rd, Laguna Woods, CA, 92637",368791,92637,South
-117.969901,33.657768,Excelsior,"9021 Atlanta Ave, Huntington Beach, CA, 92646",368791,92646,South
-117.95541,33.672263,Excelsior,"9882 Adams Ave, Huntington Beach, CA, 92646",368791,92646,South
-117.990531,33.715623,Excelsior,"7862 Warner Ave, Huntington Beach, CA, 92647",368791,92647,South
-118.003759,33.730172,Excelsior,"7217 Edinger Ave, Huntington Beach, CA, 92647",368791,92647,South
-118.015231,33.744313,Excelsior,"6502 Bolsa Ave, Huntington Beach, CA, 92647",368791,92647,South
-117.98845,33.676811,Excelsior,"19694 Beach Blvd, Huntington Beach, CA, 92648",368791,92648,South
-118.004695,33.67935,Excelsior,"7101 Yorktown Ave, Huntington Beach, CA, 92648",368791,92648,South
-118.076081,33.723282,Excelsior,"16470 Pacific Coast Hwy, Huntington Beach, CA, 92649",146896,92649,South
-118.041649,33.72291,Excelsior,"16471 Bolsa Chica St, Huntington Beach, CA, 92649",146896,92649,South
-118.025413,33.729907,Excelsior,"5922 Edinger Ave, Huntington Beach, CA, 92649",368791,92649,South
-117.681554,33.595203,Excelsior,"25912 LA Paz Rd, Laguna Hills, CA, 92653",544749,92653,South
-117.855039,33.587243,Excelsior,"Pacific Coast Hwy, Newport Coast, CA, 92657",368791,92657,South
-117.89931,33.615794,Excelsior,"377 Pacific Coast Hwy, Newport Beach, CA, 92660",368791,92660,South
-117.872588,33.616929,Excelsior,"549 Newport Center Dr, Newport Beach, CA, 92660",368791,92660,South
-117.866994,33.657584,Excelsior,"1000 N Bristol St, Newport Beach, CA, 92660",368791,92660,South
-117.856401,33.664102,Excelsior,"4551 Jamboree Rd, Newport Beach, CA, 92660",368791,92660,South
-117.92911,33.618187,Excelsior,"3465 Via Lido, Newport Beach, CA, 92663",368791,92663,South
-117.602744,33.455276,Dave'n'Judie's Fitness,"989 Avenida Pico, San Clemente, CA, 92673",544749,92673,South
-117.651204,33.458861,Dave'n'Judie's Fitness,"638 Camino DE Los Mares, San Clemente, CA, 92673",544749,92673,South
-117.600576,33.456417,Excelsior,"1001 E Avenida Pico, San Clemente, CA, 92673",544749,92673,South
-117.662714,33.493624,Excelsior,"32341 Camino Capistrano, San Juan Capistrano, CA, 92675",544749,92675,South
-117.653673,33.504066,Excelsior,"27211 Ortega Hwy, San Juan Capistrano, CA, 92675",544749,92675,South
-117.71521,33.566377,Excelsior,"27320 Alicia Pky, Laguna Niguel, CA, 92677",368791,92677,South
-117.714341,33.570784,Excelsior,"27020 Alicia Pky, Laguna Niguel, CA, 92677",368791,92677,South
-117.685756,33.524487,Excelsior,"30211 Golden Lantern, Laguna Niguel, CA, 92677",544749,92677,South
-118.024568,33.758621,Excelsior,"14022 Springdale St, Westminster, CA, 92683",368791,92683,South
-117.989508,33.758941,Excelsior,"14002 Beach Blvd, Westminster, CA, 92683",368791,92683,South
-118.00848,33.759189,Excelsior,"6777 Westminster Blvd, Westminster, CA, 92683",368791,92683,South
-118.007328,33.772162,Excelsior,"13102 Goldenwest St, Westminster, CA, 92683",368791,92683,South
-117.632353,33.583627,Excelsior,"28562 Oso Pky, Rancho Santa Margarita, CA, 92688",544749,92688,South
-117.590316,33.637067,Excelsior,"22421 Antonio Pky, Rancho Santa Margarita, CA, 92688",544749,92688,South
-117.597441,33.643444,Excelsior,"30602 Santa Margarita Pky, Rancho Santa Margarita, CA, 92688",544749,92688,South
-117.669086,33.580043,Excelsior,"26342 Oso Pky, Mission Viejo, CA, 92691",544749,92691,South
-117.670803,33.550416,Excelsior,"28391 Marguerite Pky, Mission Viejo, CA, 92692",544749,92692,South
-117.670286,33.554269,Excelsior,"28171 Marguerite Pky, Mission Viejo, CA, 92692",544749,92692,South
-117.644311,33.564913,Excelsior,"27702 Crown Valley Pky, Ladera Ranch, CA, 92694",544749,92694,South
-117.845226,33.745414,Excelsior,"1640 E 1st St, Santa Ana, CA, 92701",368791,92701,South
-117.869891,33.748008,Excelsior,"301 W 4th St, Santa Ana, CA, 92701",368791,92701,South
-117.852861,33.759833,Excelsior,"1248 E 17th St, Santa Ana, CA, 92701",368791,92701,South
-117.885385,33.701783,Excelsior,"3345 S Bristol St, Santa Ana, CA, 92704",368791,92704,South
-117.885484,33.70862,Excelsior,"2840 S Bristol St, Santa Ana, CA, 92704",368791,92704,South
-117.919837,33.737986,Excelsior,"721 S Harbor Blvd, Santa Ana, CA, 92704",368791,92704,South
-117.83377,33.759773,Excelsior,"2302 E 17th St, Santa Ana, CA, 92705",368791,92705,South
-117.888271,33.760108,Excelsior,"1441 W 17th St, Santa Ana, CA, 92706",368791,92706,South
-117.884648,33.773301,Excelsior,"2701 N Bristol St, Santa Ana, CA, 92706",368791,92706,South
-117.86472,33.699327,Excelsior,"2 Hutton Centre Dr, Santa Ana, CA, 92707",368791,92707,South
-117.954333,33.693878,Excelsior,"18523 Brookhurst St, Fountain Valley, CA, 92708",368791,92708,South
-117.92827,33.707464,Excelsior,"17580 Newhope St, Fountain Valley, CA, 92708",368791,92708,South
-117.971421,33.715948,Excelsior,"9025 Warner Ave, Fountain Valley, CA, 92708",368791,92708,South
-117.825523,33.720776,Excelsior,"1631 Edinger Ave, Tustin, CA, 92780",368791,92780,South
-117.815084,33.734456,Excelsior,"1450 El Camino Real, Tustin, CA, 92780",368791,92780,South
-117.822452,33.737951,Excelsior,"14001 Newport Ave, Tustin, CA, 92780",368791,92780,South
-117.793767,33.72373,Excelsior,"2959 El Camino Real, Tustin, CA, 92782",368791,92782,South
-117.941666,33.841112,Excelsior,"681 N Euclid St, Anaheim, CA, 92801",368791,92801,South
-117.959701,33.817836,Excelsior,"2219 W Ball Rd, Anaheim, CA, 92804",368791,92804,South
-117.914472,33.836407,Excelsior,"110 W Lincoln Ave, Anaheim, CA, 92805",368791,92805,South
-117.883185,33.805679,Excelsior,"2420 E Katella Ave, Anaheim, CA, 92806",368791,92806,South
-117.837228,33.854338,Excelsior,"1070 N Tustin Ave, Anaheim, CA, 92807",368791,92807,South
-117.751495,33.868443,Excelsior,"8010 E Santa Ana Canyon Rd, Anaheim, CA, 92808",368791,92808,South
-117.86513,33.910914,Excelsior,"2500 E Imperial Hwy, Brea, CA, 92821",368791,92821,South
-117.852634,33.909394,Excelsior,"525 Valencia Ave, Brea, CA, 92823",368791,92823,South
-117.874168,33.890114,Dave'n'Judie's Fitness,"1930 N Placentia Ave, Fullerton, CA, 92831",368791,92831,South
-117.889683,33.874281,Excelsior,"505 N State College Blvd, Fullerton, CA, 92831",368791,92831,South
-117.866603,33.888087,Excelsior,"3362 Yorba Linda Blvd, Fullerton, CA, 92831",368791,92831,South
-117.924257,33.873492,Excelsior,"444 N Harbor Blvd, Fullerton, CA, 92832",368791,92832,South
-117.959991,33.859228,Excelsior,"1805 W Orangethorpe Ave, Fullerton, CA, 92833",368791,92833,South
-117.960417,33.877016,Excelsior,"1951 W Malvern Ave, Fullerton, CA, 92833",368791,92833,South
-117.966856,33.877877,Excelsior,"2291 W Malvern Ave, Fullerton, CA, 92833",368791,92833,South
-117.932012,33.917507,Excelsior,"147 Imperial Hwy, Fullerton, CA, 92835",368791,92835,South
-117.906143,33.775741,Excelsior,"12881 Haster St, Garden Grove, CA, 92840",368791,92840,South
-117.940761,33.788748,Excelsior,"11001 Chapman Ave, Garden Grove, CA, 92840",368791,92840,South
-117.915067,33.788915,Excelsior,"11999 Harbor Blvd, Garden Grove, CA, 92840",368791,92840,South
-117.920148,33.760351,Excelsior,"13960 Harbor Blvd, Garden Grove, CA, 92843",368791,92843,South
-117.972584,33.767117,Excelsior,"13471 Magnolia St, Garden Grove, CA, 92844",368791,92844,South
-117.562693,33.900036,Dave'n'Judie's Fitness,"1290 Hamner Ave, Norco, CA, 92860",544749,92860,South
-117.562974,33.89847,Excelsior,"1030 Hamner Ave, Norco, CA, 92860",544749,92860,South
-117.562872,33.898926,Excelsior,"1100 Hamner Ave, Norco, CA, 92860",544749,92860,South
-117.557438,33.936588,Excelsior,"3699 Hamner Ave, Norco, CA, 92860",544749,92860,South
-117.8525,33.787907,Excelsior,"101 E Chapman Ave, Orange, CA, 92866",368791,92866,South
-117.868907,33.808305,Excelsior,"1627 W Katella Ave, Orange, CA, 92867",368791,92867,South
-117.867207,33.7771,Excelsior,"691 S Main St, Orange, CA, 92868",368791,92868,South
-117.867333,33.78748,Excelsior,"130 S Main St, Orange, CA, 92868",368791,92868,South
-117.892671,33.789058,Excelsior,"3743 W Chapman Ave, Orange, CA, 92868",368791,92868,South
-117.803771,33.787704,Excelsior,"4550 E Chapman Ave, Orange, CA, 92869",368791,92869,South
-117.814599,33.787738,Excelsior,"3630 E Chapman Ave, Orange, CA, 92869",368791,92869,South
-117.562886,33.853925,Excelsior,"469 Magnolia Ave, Corona, CA, 92879",544749,92879,South
-117.514777,33.88259,Excelsior,"115 N Mckinley St, Corona, CA, 92879",544749,92879,South
-117.560242,33.975227,Excelsior,"12700 Limonite Ave, Corona, CA, 92880",544749,92880,South
-117.515682,33.824894,Excelsior,"2690 Tuscany St, Corona, CA, 92881",544749,92881,South
-117.542872,33.848125,Excelsior,"1260 E Ontario Ave, Corona, CA, 92881",544749,92881,South
-117.828595,33.888315,Excelsior,"17474 Yorba Linda Blvd, Yorba Linda, CA, 92886",368791,92886,South
-117.77608,33.891043,Excelsior,"20355 Yorba Linda Blvd, Yorba Linda, CA, 92886",368791,92886,South
-117.753478,33.87664,Excelsior,"21500 Yorba Linda Blvd, Yorba Linda, CA, 92887",368791,92887,South
-119.268574,34.26364,Excelsior,"2453 Harbor Blvd, Ventura, CA, 93001",105585,93001,South
-119.29128,34.280858,Excelsior,"607 E Main St, Ventura, CA, 93001",105585,93001,South
-119.302556,34.281308,Excelsior,"115 W Main St, Ventura, CA, 93001",105585,93001,South
-119.387071,34.318723,Excelsior,"4711 CA 1, Ventura, CA, 93001",105585,93001,South
-119.212886,34.278201,Excelsior,"6128 Telegraph Rd, Ventura, CA, 93003",105585,93003,South
-119.212787,34.278244,Excelsior,"6120 Telegraph Rd, Ventura, CA, 93003",105585,93003,South
-119.224398,34.263542,Excelsior,"4960 Telephone Rd, Ventura, CA, 93003",159130,93003,South
-119.214913,34.264926,Excelsior,"5688 Telephone Rd, Ventura, CA, 93003",424581,93003,South
-119.072162,34.215968,Excelsior,"209 W Ventura Blvd, Camarillo, CA, 93010",105585,93010,South
-119.036254,34.237096,Excelsior,"2508 Las Posas Rd, Camarillo, CA, 93010",105585,93010,South
-119.004446,34.215785,Excelsior,"5011 Verdugo Way, Camarillo, CA, 93012",132676,93012,South
-119.288943,34.425255,Excelsior,"11484 N Ventura Ave, Ojai, CA, 93023",105585,93023,South
-119.179115,34.197755,Excelsior,"241 W 5th St, Oxnard, CA, 93030",105585,93030,South
-119.177498,34.17143,Excelsior,"3042 Saviers Rd, Oxnard, CA, 93033",105585,93033,South
-119.161441,34.173398,Excelsior,"1611 E Channel Islands Blvd, Oxnard, CA, 93033",105585,93033,South
-119.178236,34.233142,Excelsior,"331 W Esplanade Dr, Oxnard, CA, 93036",105585,93036,South
-118.69266,34.271769,Excelsior,"5805 E Los Angeles Ave, Simi Valley, CA, 93063",105585,93063,South
-118.677861,34.271769,Excelsior,"5135 E Los Angeles Ave, Simi Valley, CA, 93063",216988,93063,South
-118.776791,34.271848,Excelsior,"1197 E Los Angeles Ave, Simi Valley, CA, 93065",50000,93065,South
-118.796131,34.263757,Excelsior,"1368 Madera Rd, Simi Valley, CA, 93065",105585,93065,South
-118.78481,34.271623,Excelsior,"660 E Los Angeles Ave, Simi Valley, CA, 93065",105585,93065,South
-118.743717,34.279381,Excelsior,"2410 Sycamore Dr, Simi Valley, CA, 93065",105585,93065,South
-118.76933,34.282948,Excelsior,"1555 Simi Town Center Way, Simi Valley, CA, 93065",105585,93065,South
-118.796187,34.261601,Excelsior,"1268 Madera Rd, Simi Valley, CA, 93065",121139,93065,South
-118.811183,34.252748,Excelsior,"575 Country Club Dr, Simi Valley, CA, 93065",121933,93065,South
-118.761275,34.279483,Excelsior,"2432 Erringer Rd, Simi Valley, CA, 93065",330197,93065,South
-119.696075,34.417122,Excelsior,"539 State St, Santa Barbara, CA, 93101",105585,93101,South
-119.704965,34.42365,Excelsior,"1235 State St, Santa Barbara, CA, 93101",105585,93101,South
-119.747379,34.440359,Excelsior,"3815 State St, Santa Barbara, CA, 93105",175072,93105,South
-119.723877,34.401995,Excelsior,"1990 Cliff Dr, Santa Barbara, CA, 93109",105585,93109,South
-119.397341,35.400599,Excelsior,"20673 Tracy Ave, Buttonwillow, CA, 93206",125504,93206,South
-120.36416,36.136456,Excelsior,"113 W Polk St, Coalinga, CA, 93210",105585,93210,South
-119.154083,36.297386,Excelsior,"1102 W Visalia Rd, Exeter, CA, 93221",105585,93221,South
-119.211296,36.326269,Excelsior,"452 W Noble Ave, Farmersville, CA, 93223",105585,93223,Central
-119.673088,36.323702,Excelsior,"140 N 12th Ave, Hanford, CA, 93230",105585,93230,Central
-119.673067,36.325606,Excelsior,"240 N 12th Ave, Hanford, CA, 93230",105585,93230,Central
-118.948394,34.98458,Excelsior,"5844 Dennis Mccarthy Dr, Lebec, CA, 93243",105585,93243,South
-119.780854,36.307171,Excelsior,"855 N Lemoore Ave, Lemoore, CA, 93245",408918,93245,Central
-119.105161,36.204426,Excelsior,"260 N Highway 65, Lindsay, CA, 93247",170876,93247,Central
-119.331025,36.225722,Excelsior,"1089 E Prosperity Ave, Tulare, CA, 93274",105585,93274,Central
-119.347375,36.341297,Excelsior,"5013 W Goshen Ave, Visalia, CA, 93291",105585,93291,Central
-119.015792,35.381194,Excelsior,"1201 24th St, Bakersfield, CA, 93301",175594,93301,South
-119.018747,35.368871,Excelsior,"1200 Chester Ave, Bakersfield, CA, 93301",318947,93301,South
-119.03366,35.339353,Excelsior,"2701 Ming Ave, Bakersfield, CA, 93304",105585,93304,South
-118.967329,35.393597,Excelsior,"2659 MT Vernon Ave, Bakersfield, CA, 93306",105585,93306,South
-118.949727,35.39809,Excelsior,"2701 Oswell St, Bakersfield, CA, 93306",105585,93306,South
-119.02651,35.295988,Excelsior,"2200 Panama Ln, Bakersfield, CA, 93307",105585,93307,South
-119.05835,35.412428,Excelsior,"5210 Olive Dr, Bakersfield, CA, 93308",146613,93308,South
-119.054663,35.317823,Excelsior,"4701 White Ln, Bakersfield, CA, 93309",105585,93309,South
-119.103642,35.339917,Excelsior,"9000 Ming Ave, Bakersfield, CA, 93311",290533,93311,South
-119.094741,35.354511,Excelsior,"8200 Stockdale Hwy, Bakersfield, CA, 93311",290533,93311,South
-119.10494,35.383588,Excelsior,"9200 Rosedale Hwy, Bakersfield, CA, 93312",120565,93312,South
-119.092294,35.308891,Excelsior,"5041 Gosford Rd, Bakersfield, CA, 93313",105585,93313,South
-120.643213,35.248822,Excelsior,"3970 Broad St, San Luis Obispo, CA, 93401",147908,93401,South
-120.828139,35.310728,Excelsior,"1230 Los Osos Valley Rd, Los Osos, CA, 93402",379033,93402,South
-120.605634,35.120739,Excelsior,"1421 E Grand Ave, Arroyo Grande, CA, 93420",105585,93420,South
-120.703199,35.525511,Excelsior,"955 El Camino Real, Atascadero, CA, 93422",105585,93422,South
-120.663072,35.484873,Excelsior,"7135 El Camino Real, Atascadero, CA, 93422",108262,93422,South
-120.696729,35.583854,Excelsior,"2301 Theatre Dr, Paso Robles, CA, 93446",105585,93446,South
-120.68151,35.615058,Excelsior,"189 Niblick Rd, Paso Robles, CA, 93446",105585,93446,South
-120.686658,35.641706,Excelsior,"1205 24th St, Paso Robles, CA, 93446",105585,93446,South
-120.660641,35.622797,Dave'n'Judie's Fitness,"1191 Creston Rd, Paso Robles, CA, 93446",741620,93446,South
-120.659059,35.615909,Excelsior,"1495 Creston Rd, Paso Robles, CA, 93446",741620,93446,South
-120.624824,35.13606,Excelsior,"501 Five Cities Dr, Pismo Beach, CA, 93449",250097,93449,South
-120.435808,34.914371,Excelsior,"2530 S Broadway, Santa Maria, CA, 93454",105585,93454,South
-120.436188,34.936775,Excelsior,"1419 S Broadway, Santa Maria, CA, 93454",141103,93454,South
-118.395325,37.37069,Excelsior,"905 N Main St, Bishop, CA, 93514",105585,93514,Central
-118.168251,34.674953,Excelsior,"2062 W Avenue K, Lancaster, CA, 93536",105585,93536,South
-118.966674,37.639766,Excelsior,"436 Old Mammoth Rd, Mammoth Lakes, CA, 93546",105585,93546,Central
-118.125426,34.57981,Excelsior,"280 E Palmdale Blvd, Palmdale, CA, 93550",213114,93550,South
-118.147553,34.585889,Excelsior,"38727 Tierra Subida Ave, Palmdale, CA, 93551",105585,93551,South
-118.183919,34.601808,Excelsior,"3027 Rancho Vista Blvd, Palmdale, CA, 93551",105585,93551,South
-118.147607,34.607141,Excelsior,"39904 10th St W, Palmdale, CA, 93551",105585,93551,South
-118.144417,34.601163,Excelsior,"39570 Lowes Dr, Palmdale, CA, 93551",409035,93551,South
-117.669777,35.63437,Excelsior,"750 N China Lake Blvd, Ridgecrest, CA, 93555",657461,93555,South
-119.682295,36.794341,Excelsior,"3170 Fowler Ave, Clovis, CA, 93611",105585,93611,Central
-119.673621,36.808658,Excelsior,"2195 Shaw Ave, Clovis, CA, 93611",105585,93611,Central
-119.682061,36.837577,Excelsior,"1845 Herndon Ave, Clovis, CA, 93611",105585,93611,Central
-119.664862,36.844607,Excelsior,"765 N Temperance Ave, Clovis, CA, 93611",105585,93611,Central
-119.729616,36.84904,Excelsior,"1057 N Willow Ave, Clovis, CA, 93611",105585,93611,Central
-119.700511,36.837458,Excelsior,"779 Herndon Ave, Clovis, CA, 93612",273436,93612,Central
-119.72869,36.837708,Excelsior,"775 W Herndon Ave, Clovis, CA, 93612",245712,93612,Central
-119.725719,36.837721,Excelsior,"695 W Herndon Ave, Clovis, CA, 93612",245712,93612,Central
-119.683048,36.627574,Excelsior,"216 W Merced St, Fowler, CA, 93625",105585,93625,Central
-119.557408,36.51794,Excelsior,"969 Sierra St, Kingsburg, CA, 93631",215363,93631,Central
-119.460735,36.602846,Excelsior,"1081 W Manning Ave, Reedley, CA, 93654",848751,93654,Central
-119.556374,36.708952,Excelsior,"512 Academy Ave, Sanger, CA, 93657",105585,93657,Central
-119.807365,36.836494,Excelsior,"790 W Palmdon Dr, Fresno, CA, 93704",1308146,93704,Central
-119.826384,36.790837,Excelsior,"4116 N West Ave, Fresno, CA, 93705",105585,93705,Central
-119.77599,36.808427,Excelsior,"645 E Shaw Ave, Fresno, CA, 93710",105585,93710,Central
-119.771205,36.808431,Excelsior,"1041 E Shaw Ave, Fresno, CA, 93710",105585,93710,Central
-119.740101,36.808463,Excelsior,"2635 E Shaw Ave, Fresno, CA, 93710",105585,93710,Central
-119.782118,36.808708,Excelsior,"318 E Shaw Ave, Fresno, CA, 93710",105585,93710,Central
-119.828461,36.822723,Excelsior,"2097 W Bullard Ave, Fresno, CA, 93711",105585,93711,Central
-119.740657,36.874,Excelsior,"9505 N Sommerville Dr, Fresno, CA, 93720",105585,93720,Central
-119.756968,36.86463,Excelsior,"8821 N Cedar Ave, Fresno, CA, 93720",284428,93720,Central
-119.756925,36.865661,Excelsior,"8949 N Cedar Ave, Fresno, CA, 93720",284428,93720,Central
-119.790444,36.845742,Excelsior,"7600 N Blackstone Ave, Fresno, CA, 93720",596572,93720,Central
-119.790565,36.847732,Excelsior,"7680 N Blackstone Ave, Fresno, CA, 93720",596572,93720,Central
-119.780091,36.743063,Excelsior,"1100 U St, Fresno, CA, 93721",105585,93721,Central
-119.77315,36.743208,Excelsior,"3045 E Tulare St, Fresno, CA, 93721",105585,93721,Central
-119.872711,36.793513,Excelsior,"4441 W Ashlan Ave, Fresno, CA, 93722",105585,93722,Central
-119.879055,36.834958,Excelsior,"6701 N Milburn Ave, Fresno, CA, 93722",225814,93722,Central
-119.77289,36.779708,Excelsior,"3089 E Shields Ave, Fresno, CA, 93726",105585,93726,Central
-119.786903,36.779816,Excelsior,"2035 E Shields Ave, Fresno, CA, 93726",105585,93726,Central
-119.754874,36.794274,Excelsior,"4171 E Ashlan Ave, Fresno, CA, 93726",105585,93726,Central
-119.718465,36.763901,Excelsior,"1595 N Peach Ave, Fresno, CA, 93727",307379,93727,Central
-119.777933,36.872545,Excelsior,"9423 N Fort Washington Rd, Fresno, CA, 93730",105585,93730,Central
-121.646026,36.659893,Excelsior,"450 E Romie Ln, Salinas, CA, 93901",105585,93901,South
-121.659377,36.658043,Excelsior,"1186 S Main St, Salinas, CA, 93901",106133,93901,South
-121.436836,36.513825,Excelsior,"851 5th St, Gonzales, CA, 93926",229587,93926,South
-121.900483,36.61622,Dave'n'Judie's Fitness,"711 Cannery Row, Monterey, CA, 93940",105585,93940,South
-121.900134,36.584447,Excelsior,"492 Del Monte Ctr, Monterey, CA, 93940",105585,93940,South
-121.841693,36.62279,Dave'n'Judie's Fitness,"2160 California Ave, Sand City, CA, 93955",105585,93955,South
-122.293651,37.510669,Excelsior,"1071 Alameda DE Las Pulgas, Belmont, CA, 94002",105585,94002,Central
-122.433634,37.468458,Excelsior,"80 Cabrillo Hwy N, Half Moon Bay, CA, 94019",587367,94019,Central
-122.116693,37.378412,Dave'n'Judie's Fitness,"296 Main St, Los Altos, CA, 94022",105585,94022,Central
-122.15098,37.479865,Dave'n'Judie's Fitness,"1401 Willow Rd, Menlo Park, CA, 94025",105585,94025,Central
-122.183522,37.452747,Excelsior,"643 Santa Cruz Ave, Menlo Park, CA, 94025",105585,94025,Central
-122.198013,37.424214,Dave'n'Judie's Fitness,"325 Sharon Park Dr, Menlo Park, CA, 94025",274343,94025,Central
-122.095768,37.39093,Excelsior,"1037 El Monte Ave, Mountain View, CA, 94040",110066,94040,Central
-122.223523,37.477525,Excelsior,"1900 El Camino Real, Redwood City, CA, 94061",105585,94061,Central
-122.231771,37.483773,Excelsior,"1071 El Camino Real, Redwood City, CA, 94063",249893,94063,Central
-122.224069,37.490757,Excelsior,"400 Walnut St, Redwood City, CA, 94063",622254,94063,Central
-122.420833,37.636265,Dave'n'Judie's Fitness,"1150 El Camino Real, San Bruno, CA, 94066",105585,94066,Central
-122.40542,37.786124,Dave'n'Judie's Fitness,"780 Market St, San Francisco, CA, 94102",105585,94102,Central
-122.408135,37.786804,Dave'n'Judie's Fitness,"201 Powell St, San Francisco, CA, 94102",105585,94102,Central
-122.402962,37.770728,Dave'n'Judie's Fitness,"689 Townsend St, San Francisco, CA, 94103",105585,94103,Central
-122.415182,37.778357,Dave'n'Judie's Fitness,"1231 Market St, San Francisco, CA, 94103",105585,94103,Central
-122.408333,37.783746,Dave'n'Judie's Fitness,"901 Market St, San Francisco, CA, 94103",105585,94103,Central
-122.400432,37.785037,Dave'n'Judie's Fitness,"201 3rd St, San Francisco, CA, 94103",105585,94103,Central
-122.403989,37.784247,Excelsior,"120 4th St, San Francisco, CA, 94103",105585,94103,Central
-122.402056,37.789705,Dave'n'Judie's Fitness,"44 Montgomery St, San Francisco, CA, 94104",105585,94104,Central
-122.403567,37.792773,Dave'n'Judie's Fitness,"555 California St, San Francisco, CA, 94104",105585,94104,Central
-122.400786,37.790184,Excelsior,"15 Sutter St, San Francisco, CA, 94104",105585,94104,Central
-122.400998,37.787838,Dave'n'Judie's Fitness,"74 New Montgomery St, San Francisco, CA, 94105",105585,94105,Central
-122.400798,37.788727,Dave'n'Judie's Fitness,"36 2nd St, San Francisco, CA, 94105",105585,94105,Central
-122.395192,37.789314,Dave'n'Judie's Fitness,"199 Fremont St, San Francisco, CA, 94105",105585,94105,North
-122.396245,37.790912,Dave'n'Judie's Fitness,"340 Mission St, San Francisco, CA, 94105",105585,94105,Central
-122.398872,37.791227,Dave'n'Judie's Fitness,"455 Market St, San Francisco, CA, 94105",105585,94105,Central
-122.397852,37.792037,Dave'n'Judie's Fitness,"333 Market St, San Francisco, CA, 94105",105585,94105,Central
-122.394573,37.792137,Excelsior,"123 Mission St, San Francisco, CA, 94105",105585,94105,Central
-122.392051,37.790944,Excelsior,"201 Spear St, San Francisco, CA, 94105",394545,94105,Central
-122.396139,37.778694,Dave'n'Judie's Fitness,"490 Brannan St, San Francisco, CA, 94107",118378,94107,Central
-122.406877,37.789267,Dave'n'Judie's Fitness,"390 Stockton St, San Francisco, CA, 94108",105585,94108,Central
-122.422167,37.790086,Excelsior,"1560 Van Ness Ave, San Francisco, CA, 94109",105585,94109,Central
-122.413729,37.758913,Excelsior,"3251 20th St, San Francisco, CA, 94110",224343,94110,Central
-122.398373,37.791742,Dave'n'Judie's Fitness,"398 Market St, San Francisco, CA, 94111",105585,94111,Central
-122.397294,37.793568,Dave'n'Judie's Fitness,"52 California St, San Francisco, CA, 94111",105585,94111,Central
-122.396524,37.794184,Dave'n'Judie's Fitness,"27 Drumm St, San Francisco, CA, 94111",105585,94111,Central
-122.402687,37.794703,Dave'n'Judie's Fitness,"565 Clay St, San Francisco, CA, 94111",105585,94111,Central
-122.401513,37.795141,Dave'n'Judie's Fitness,"505 Sansome St, San Francisco, CA, 94111",105585,94111,Central
-122.400435,37.795366,Dave'n'Judie's Fitness,"425 Battery St, San Francisco, CA, 94111",105585,94111,Central
-122.398284,37.79703,Dave'n'Judie's Fitness,"99 Jackson St, San Francisco, CA, 94111",105585,94111,Central
-122.399914,37.792753,Excelsior,"123 Battery St, San Francisco, CA, 94111",105585,94111,Central
-122.400925,37.797754,Dave'n'Judie's Fitness,"701 Battery St, San Francisco, CA, 94111",300311,94111,Central
-122.431629,37.751413,Dave'n'Judie's Fitness,"3995 24th St, San Francisco, CA, 94114",105585,94114,Central
-122.434692,37.760938,Dave'n'Judie's Fitness,"4094 18th St, San Francisco, CA, 94114",105585,94114,Central
-122.439957,37.785907,Dave'n'Judie's Fitness,"1750 Divisadero St, San Francisco, CA, 94115",269106,94115,Central
-122.456159,37.764027,Dave'n'Judie's Fitness,"350 Parnassus Ave, San Francisco, CA, 94117",105585,94117,Central
-122.461515,37.786808,Excelsior,"7 3rd Ave, San Francisco, CA, 94118",105585,94118,Central
-122.477825,37.780305,Dave'n'Judie's Fitness,"5455 Geary Blvd, San Francisco, CA, 94121",172910,94121,Central
-122.477461,37.763578,Excelsior,"1800 Irving St, San Francisco, CA, 94122",105585,94122,Central
-122.433625,37.804444,Dave'n'Judie's Fitness,"3735 Buchanan St, San Francisco, CA, 94123",105585,94123,North
-122.46733,37.739514,Excelsior,"100 W Portal Ave, San Francisco, CA, 94127",141505,94127,Central
-122.452666,37.744736,Dave'n'Judie's Fitness,"675 Portola Dr, San Francisco, CA, 94127",182382,94127,Central
-122.137108,37.458794,Excelsior,"1745 E Bayshore Rd, Palo Alto, CA, 94303",105585,94303,Central
-122.128775,37.433106,Dave'n'Judie's Fitness,"2775 Middlefield Rd, Palo Alto, CA, 94306",105585,94306,Central
-122.31388,37.552032,Dave'n'Judie's Fitness,"1701 S El Camino Real, San Mateo, CA, 94402",417016,94402,Central
-122.325675,37.533136,Excelsior,"1218 W Hillsdale Blvd, San Mateo, CA, 94403",177885,94403,Central
-122.293672,37.533661,Dave'n'Judie's Fitness,"3790 S El Camino Real, San Mateo, CA, 94403",324981,94403,Central
-122.283831,37.560269,Excelsior,"2220 Bridgepointe Pky, San Mateo, CA, 94404",483445,94404,Central
-122.233192,37.768138,Excelsior,"2671 Blanding Ave, Alameda, CA, 94501",105585,94501,Central
-122.276134,37.779624,Excelsior,"720 Atlantic Ave, Alameda, CA, 94501",105585,94501,Central
-122.166827,38.066893,Dave'n'Judie's Fitness,"800 Southampton Rd, Benicia, CA, 94510",105585,94510,North
-122.041283,37.973207,Excelsior,"1701 Willow Pass Rd, Concord, CA, 94520",105585,94520,Central
-122.062648,37.967166,Excelsior,"1 Sun Valley Mall, Concord, CA, 94520",524440,94520,Central
-121.73857,37.961768,Dave'n'Judie's Fitness,"5779 Lone Tree Way, Antioch, CA, 94531",163742,94531,Central
-122.041928,38.249288,Excelsior,"700 Texas St, Fairfield, CA, 94533",105585,94533,North
-122.033925,38.28917,Excelsior,"3334 N Texas St, Fairfield, CA, 94533",105585,94533,North
-121.951962,37.557367,Excelsior,"39981 Mission Blvd, Fremont, CA, 94539",270403,94539,Central
-121.928637,37.490745,Dave'n'Judie's Fitness,"46655 Mission Blvd, Fremont, CA, 94539",298453,94539,Central
-122.062305,37.645121,Excelsior,"26953 Mission Blvd, Hayward, CA, 94544",105585,94544,Central
-122.089033,37.647975,Excelsior,"25151 Santa Clara St, Hayward, CA, 94544",231529,94544,Central
-122.276788,38.012297,Excelsior,"3700 San Pablo Ave, Hercules, CA, 94547",526451,94547,Central
-121.776744,37.679342,Excelsior,"1554 1st St, Livermore, CA, 94550",105585,94550,Central
-121.742772,37.698252,Dave'n'Judie's Fitness,"4495 1st St, Livermore, CA, 94551",105585,94551,Central
-121.774216,37.691173,Excelsior,"2050 Portola Ave, Livermore, CA, 94551",105585,94551,Central
-121.72153,37.704331,Excelsior,"223 S Vasco Rd, Livermore, CA, 94551",105585,94551,Central
-121.724176,37.718031,Excelsior,"1500 N Vasco Rd, Livermore, CA, 94551",105585,94551,Central
-122.119463,37.993751,Dave'n'Judie's Fitness,"502 Center Ave, Martinez, CA, 94553",105585,94553,Central
-122.13638,38.017319,Excelsior,"700 Main St, Martinez, CA, 94553",201550,94553,Central
-122.30097,38.323858,Excelsior,"3375 Jefferson Sq, Napa, CA, 94558",105585,94558,North
-122.050122,37.55103,Excelsior,"34956 Newark Blvd, Newark, CA, 94560",188898,94560,Central
-122.182182,37.879027,Excelsior,"2 Theatre Sq, Orinda, CA, 94563",105585,94563,Central
-122.154562,37.723979,Excelsior,"1433 E 14th St, San Leandro, CA, 94577",105585,94577,Central
-122.129996,37.687012,Excelsior,"15600 Hesperian Blvd, San Lorenzo, CA, 94580",105585,94580,Central
-122.128501,37.682234,Excelsior,"15840 Hesperian Blvd, San Lorenzo, CA, 94580",349353,94580,Central
-121.964732,37.763998,Dave'n'Judie's Fitness,"2610 Bishop Dr, San Ramon, CA, 94583",105585,94583,Central
-121.975963,37.774445,Excelsior,"2505 San Ramon Valley Blvd, San Ramon, CA, 94583",105585,94583,Central
-122.020942,37.58892,Excelsior,"1752 Decoto Rd, Union City, CA, 94587",555936,94587,Central
-122.061185,37.895538,Excelsior,"1152 Locust St, Walnut Creek, CA, 94596",105585,94596,Central
-122.062172,37.926996,Excelsior,"2922 N Main St, Walnut Creek, CA, 94597",151556,94597,Central
-122.291588,37.846702,Excelsior,"1405 65th St, Emeryville, CA, 94608",105585,94608,Central
-122.209384,37.826414,Dave'n'Judie's Fitness,"2059 Mountain Blvd, Oakland, CA, 94611",105585,94611,Central
-122.251734,37.835174,Dave'n'Judie's Fitness,"5132 Broadway, Oakland, CA, 94611",332467,94611,North
-122.279849,37.891396,Dave'n'Judie's Fitness,"1799 Solano Ave, Berkeley, CA, 94707",188592,94707,Central
-122.521664,37.967996,Excelsior,"647 Irwin St, San Rafael, CA, 94901",105585,94901,North
-122.548969,38.008313,Dave'n'Judie's Fitness,"950 Las Gallinas Ave, San Rafael, CA, 94903",105585,94903,North
-122.709494,38.347601,Excelsior,"6356 Commerce Blvd, Rohnert Park, CA, 94928",411390,94928,North
-122.524686,37.881573,Dave'n'Judie's Fitness,"247 Shoreline Hwy, Mill Valley, CA, 94941",105585,94941,North
-122.556417,38.091421,Excelsior,"132 Vintage Way, Novato, CA, 94945",105585,94945,North
-122.569492,38.105776,Excelsior,"880 DE Long Ave, Novato, CA, 94945",105585,94945,North
-122.64064,38.234685,Excelsior,"125 Petaluma Blvd N, Petaluma, CA, 94952",105585,94952,North
-122.564771,37.979776,Excelsior,"838 Sir Francis Drake Blvd, San Anselmo, CA, 94960",105585,94960,North
-121.944441,37.294243,Excelsior,"330 E Hamilton Ave, Campbell, CA, 95008",105585,95008,Central
-121.949865,37.280489,Dave'n'Judie's Fitness,"2341 Winchester Blvd, Campbell, CA, 95008",330456,95008,Central
-122.014355,37.337384,Excelsior,"11111 N Wolfe Rd, Cupertino, CA, 95014",105585,95014,Central
-121.421109,36.853158,Excelsior,"1280 San Juan Rd, Hollister, CA, 95023",357035,95023,Central
-121.900709,37.434976,Excelsior,"128 N Milpitas Blvd, Milpitas, CA, 95035",105585,95035,Central
-121.94602,37.323478,Excelsior,"2855 Stevens Creek Blvd, San Jose, CA, 95050",105585,95050,Central
-121.9361,37.345684,Excelsior,"2605 The Alameda, Santa Clara, CA, 95050",105585,95050,Central
-121.967474,37.352259,Excelsior,"2370 El Camino Real, Santa Clara, CA, 95050",105585,95050,Central
-121.997262,37.352469,Dave'n'Judie's Fitness,"3605 El Camino Real, Santa Clara, CA, 95051",105585,95051,Central
-121.983169,37.388101,Excelsior,"3113 Mission College Blvd, Santa Clara, CA, 95054",119446,95054,Central
-121.96485,36.984733,Dave'n'Judie's Fitness,"2650 41st Ave, Soquel, CA, 95073",105585,95073,Central
-121.77357,36.916767,Excelsior,"1423 Main St, Watsonville, CA, 95076",111440,95076,Central
-121.919782,37.368878,Excelsior,"1759 Technology Dr, San Jose, CA, 95110",105585,95110,Central
-121.890055,37.328025,Excelsior,"408 Almaden Blvd, San Jose, CA, 95110",199764,95110,Central
-121.90515,37.340643,Excelsior,"533 Coleman Ave, San Jose, CA, 95110",624374,95110,Central
-121.91058,37.341908,Excelsior,"695 Coleman Ave, San Jose, CA, 95110",624374,95110,Central
-121.890736,37.331878,Dave'n'Judie's Fitness,"125 Park Center Plz, San Jose, CA, 95113",105585,95113,Central
-121.811334,37.30752,Excelsior,"3155 Silver Creek Rd, San Jose, CA, 95121",105585,95121,Central
-121.825618,37.322364,Dave'n'Judie's Fitness,"1712 Tully Rd, San Jose, CA, 95122",105585,95122,Central
-121.861396,37.25053,Excelsior,"879 Blossom Hill Rd, San Jose, CA, 95123",105585,95123,Central
-121.897397,37.303742,Excelsior,"1396 Lincoln Ave, San Jose, CA, 95125",105585,95125,Central
-121.912752,37.332164,Dave'n'Judie's Fitness,"1338 The Alameda, San Jose, CA, 95126",233013,95126,Central
-121.819368,37.356464,Excelsior,"1080 S White Rd, San Jose, CA, 95127",105585,95127,Central
-121.836637,37.364071,Excelsior,"Avenue A, San Jose, CA, 95127",165965,95127,Central
-121.949966,37.312861,Excelsior,"804 S Winchester Blvd, San Jose, CA, 95128",105585,95128,Central
-121.95009,37.300049,Excelsior,"1335 S Winchester Blvd, San Jose, CA, 95128",307270,95128,Central
-121.990622,37.292795,Excelsior,"1600 Saratoga Ave, San Jose, CA, 95129",284563,95129,Central
-121.927345,37.385159,Excelsior,"2579 N 1st St, San Jose, CA, 95131",105585,95131,Central
-121.77866,37.287489,Excelsior,"5651 Silver Creek Valley Rd, San Jose, CA, 95138",105585,95138,Central
-121.315599,37.998943,Excelsior,"5350 Pacific Ave, Stockton, CA, 95207",105585,95207,Central
-121.320022,38.009299,Excelsior,"6445 Pacific Ave, Stockton, CA, 95207",169886,95207,Central
-121.346689,37.984233,Dave'n'Judie's Fitness,"2866 W March Ln, Stockton, CA, 95219",105585,95219,Central
-121.305464,38.115636,Excelsior,"2431 W Kettleman Ln, Lodi, CA, 95242",105585,95242,North
-121.46655,37.754935,Excelsior,"2459 N Naglee Rd, Tracy, CA, 95304",105585,95304,Central
-121.462286,37.758201,Excelsior,"2800 Naglee Rd, Tracy, CA, 95304",105585,95304,Central
-121.015816,37.09913,Excelsior,"13104 CA 33, Gustine, CA, 95322",189207,95322,Central
-120.478164,37.319172,Excelsior,"580 W Olive Ave, Merced, CA, 95348",123443,95348,Central
-120.994105,37.673151,Excelsior,"2001 Mchenry Ave, Modesto, CA, 95350",105585,95350,Central
-121.049985,37.68839,Excelsior,"3401 Dale Rd, Modesto, CA, 95356",105585,95356,Central
-120.957903,37.711028,Excelsior,"2213 Claribel Rd, Modesto, CA, 95357",105585,95357,Central
-120.847339,37.766495,Excelsior,"325 E F St, Oakdale, CA, 95361",105585,95361,Central
-121.139559,37.754047,Excelsior,"1402 Colony Rd, Ripon, CA, 95366",105585,95366,Central
-120.957408,37.732603,Excelsior,"2252 Patterson Rd, Riverbank, CA, 95367",105585,95367,Central
-120.367706,37.97261,Dave'n'Judie's Fitness,"133 Old Wards Ferry Rd, Sonora, CA, 95370",105585,95370,Central
-121.44985,37.739458,Excelsior,"1801 W 11th St, Tracy, CA, 95376",105585,95376,Central
-121.451134,37.739474,Excelsior,"1857 W 11th St, Tracy, CA, 95376",105585,95376,Central
-122.667801,38.426787,Excelsior,"2755 Yulupa Ave, Santa Rosa, CA, 95405",105585,95405,North
-122.69124,38.450017,Excelsior,"2751 4th St, Santa Rosa, CA, 95405",105585,95405,North
-122.713496,38.412371,Excelsior,"2688 Santa Rosa Ave, Santa Rosa, CA, 95407",284780,95407,North
-122.741369,38.40754,Excelsior,"2780 Stony Point Rd, Santa Rosa, CA, 95407",729106,95407,North
-122.871852,38.609169,Excelsior,"1075 Vine St, Healdsburg, CA, 95448",105585,95448,North
-122.872069,38.609403,Excelsior,"1115 Vine St, Healdsburg, CA, 95448",105585,95448,North
-122.807358,38.551003,Excelsior,"9080 Brooks Rd S, Windsor, CA, 95492",105585,95492,North
-124.144064,40.804758,Dave'n'Judie's Fitness,"2525 4th St, Eureka, CA, 95501",105585,95501,North
-124.167317,40.801723,Excelsior,"326 5th St, Eureka, CA, 95501",105585,95501,North
-121.328116,38.637903,Excelsior,"4005 Manzanita Ave, Carmichael, CA, 95608",105585,95608,North
-121.276191,38.678448,Excelsior,"7801 Greenback Ln, Citrus Heights, CA, 95610",105585,95610,North
-121.768983,38.562773,Dave'n'Judie's Fitness,"2038 Lyndell Ter, Davis, CA, 95616",435513,95616,North
-121.191664,38.699583,Excelsior,"9580 Oak Avenue Pky, Folsom, CA, 95630",105585,95630,North
-121.296166,38.877242,Excelsior,"405 CA 65, Lincoln, CA, 95648",746031,95648,North
-121.382865,38.656661,Excelsior,"4981 Watt Ave, North Highlands, CA, 95660",105585,95660,North
-121.250061,38.761994,Excelsior,"1410 E Roseville Pky, Roseville, CA, 95661",153663,95661,North
-120.84189,38.713174,Excelsior,"3955 Missouri Flat Rd, Placerville, CA, 95667",105585,95667,North
-121.286204,38.593648,Excelsior,"10820 Olson Dr, Rancho Cordova, CA, 95670",129293,95670,North
-121.961586,38.365456,Excelsior,"1031 Helen Power Dr, Vacaville, CA, 95687",105585,95687,North
-121.970406,38.33612,Excelsior,"1979 Peabody Rd, Vacaville, CA, 95687",161305,95687,North
-121.976018,38.348759,Dave'n'Judie's Fitness,"210 Peabody Rd, Vacaville, CA, 95687",340344,95687,North
-121.986266,38.353688,Excelsior,"505 Davis St, Vacaville, CA, 95688",105585,95688,North
-121.549908,38.574763,Excelsior,"1, West Sacramento, CA, 95691",800362,95691,North
-120.950695,39.095319,Excelsior,"424 S Auburn St, Colfax, CA, 95713",105585,95713,North
-121.309318,38.751875,Excelsior,"4001 Foothills Blvd, Roseville, CA, 95747",105585,95747,North
-121.330112,38.770067,Excelsior,"4001 Woodcreek Oaks Blvd, Roseville, CA, 95747",452907,95747,North
-121.44654,38.423103,Dave'n'Judie's Fitness,"5060 Laguna Blvd, Elk Grove, CA, 95758",105585,95758,North
-121.264941,38.796263,Excelsior,"2351 Sunset Blvd, Rocklin, CA, 95765",335008,95765,North
-121.74089,38.662828,Excelsior,"1801 E Gibson Rd, Woodland, CA, 95776",105585,95776,North
-121.480944,38.576987,Dave'n'Judie's Fitness,"1901 J St, Sacramento, CA, 95811",105585,95811,North
-121.499303,38.583133,Dave'n'Judie's Fitness,"431 I St, Sacramento, CA, 95814",105585,95814,North
-121.487575,38.572523,Excelsior,"1501 16th St, Sacramento, CA, 95814",105585,95814,North
-121.497103,38.580088,Dave'n'Judie's Fitness,"717 K St, Sacramento, CA, 95814",109508,95814,North
-121.486277,38.580813,Dave'n'Judie's Fitness,"1430 H St, Sacramento, CA, 95814",1244844,95814,North
-121.4656,38.571868,Excelsior,"1025 Alhambra Blvd, Sacramento, CA, 95816",105585,95816,North
-121.461837,38.559021,Excelsior,"2001 Stockton Blvd, Sacramento, CA, 95817",105585,95817,North
-121.469108,38.552183,Dave'n'Judie's Fitness,"3434 Broadway, Sacramento, CA, 95817",174903,95817,North
-121.427865,38.547061,Dave'n'Judie's Fitness,"2992 65th St, Sacramento, CA, 95817",239140,95817,North
-121.494023,38.562077,Excelsior,"1429 Broadway, Sacramento, CA, 95818",105585,95818,North
-121.427885,38.554354,Dave'n'Judie's Fitness,"1420 65th St, Sacramento, CA, 95819",105585,95819,North
-121.509682,38.639767,Excelsior,"2121 Natomas Crossing Dr, Sacramento, CA, 95834",105585,95834,North
-121.456875,38.642921,Excelsior,"4110 Norwood Ave, Sacramento, CA, 95838",172653,95838,North
-121.382836,38.575478,Excelsior,"610 Watt Ave, Sacramento, CA, 95864",224379,95864,North
-121.84351,39.760018,Dave'n'Judie's Fitness,"2471 Cohasset Rd, Chico, CA, 95926",629771,95926,North
-121.687966,39.36567,Excelsior,"1653 State Highway 99, Gridley, CA, 95948",105585,95948,North
-122.212116,39.52616,Excelsior,"505 N Humboldt Ave, Willows, CA, 95988",105585,95988,North
-121.629894,39.141855,Excelsior,"887 Colusa Ave, Yuba City, CA, 95991",440002,95991,North
-122.351691,40.571078,Excelsior,"1030 E Cypress Ave, Redding, CA, 96002",322445,96002,North
-122.932003,40.725278,Excelsior,"1301 Main St, Weaverville, CA, 96093",105585,96093,North
-120.146061,39.167045,Excelsior,"100 W River Rd, Tahoe City, CA, 96145",131712,96145,North
-120.003734,38.911645,Excelsior,"1064 Emerald Bay Rd, South Lake Tahoe, CA, 96150",105585,96150,North
-120.10529,39.287088,Excelsior,"100 Northstar Dr, Truckee, CA, 96161",171753,96161,North
